lokasi,latitude,longitude,curah_hujan,penggunaan lahan,jenis tanah,Kategori Curah Hujan,Labeling
"JAWA BARAT, KABUPATEN BANDUNG, SOREANG, PANYIRAPAN",-7.049.881,107.521.854,2272.94,1,5,3,0
"JAWA BARAT, KABUPATEN BANDUNG, SOREANG, SUKANAGARA",-7.065.081,107.518.936,2267.37,5,5,3,1
"JAWA BARAT, KABUPATEN BANDUNG, PASIRJAMBU, CUKANGGENTENG",-7.079.423,107.499.905,2269.68,5,5,3,1
"JAWA BARAT, KABUPATEN BANDUNG, PASIRJAMBU, CISONDARI",-7.127.131,107.488.809,2216.54,7,3,3,1
"JAWA BARAT, KABUPATEN BANDUNG, PASIRJAMBU, MARGAMULYA",-7.130.081,107.459.001,2383.19,5,3,3,1
"JAWA BARAT, KABUPATEN BANDUNG, CIWIDEY, NENGKELAN",-7.064.169,107.463.958,147.741,6,7,1,0
"JAWA BARAT, KABUPATEN BANDUNG, CIWIDEY, PANUNDAAN",-7.120.492,10.744.017,2527.76,9,1,4,0
"JAWA BARAT, KABUPATEN BANDUNG, CIWIDEY, RAWABOGO",-705.837,107.444.787,2336.46,5,7,3,1
"JAWA BARAT, KABUPATEN BANDUNG, CIWIDEY, SUKAWENING",-7.066.873,107.475.166,2290.97,1,7,3,0
"JAWA BARAT, KABUPATEN BANDUNG, RANCABALI, PATENGAN",-7.164.693,107.358.675,3118.86,1,7,5,0
"JAWA BARAT, KABUPATEN BANDUNG, RANCABALI, CIPELAH",-7.171.003,107.294.264,367.467,1,7,1,0
"JAWA BARAT, KABUPATEN BANDUNG, RANCABALI, ALAMENDAH",-7.141.538,107.422.195,2760.99,1,1,4,0
"JAWA BARAT, KABUPATEN BANDUNG, SOREANG, PANYIRAPAN",-7.049.881,107.521.854,2272.94,1,5,3,0
"JAWA BARAT, KABUPATEN BANDUNG, SOREANG, SUKANAGARA",-7.065.081,107.518.936,2267.37,5,5,3,1
"JAWA BARAT, KABUPATEN BANDUNG, PASIRJAMBU, CUKANGGENTENG",-7.079.423,107.499.905,2269.68,5,5,3,1
"JAWA BARAT, KABUPATEN BANDUNG, PASIRJAMBU, CISONDARI",-7.127.131,107.488.809,2216.54,7,3,3,1
"JAWA BARAT, KABUPATEN BANDUNG, PASIRJAMBU, MARGAMULYA",-7.130.081,107.459.001,2383.19,5,3,3,1
"JAWA BARAT, KABUPATEN BANDUNG, CIWIDEY, NENGKELAN",-7.064.169,107.463.958,147.741,6,7,1,0
"JAWA BARAT, KABUPATEN BANDUNG, CIWIDEY, PANUNDAAN",-7.120.492,10.744.017,2527.76,9,1,4,0
"JAWA BARAT, KABUPATEN BANDUNG, CIWIDEY, RAWABOGO",-705.837,107.444.787,2336.46,5,7,3,1
"JAWA BARAT, KABUPATEN BANDUNG, CIWIDEY, SUKAWENING",-7.066.873,107.475.166,2290.97,1,7,3,0
"JAWA BARAT, KABUPATEN BANDUNG, RANCABALI, PATENGAN",-7.164.693,107.358.675,3118.86,1,7,5,0
"JAWA BARAT, KABUPATEN BANDUNG, RANCABALI, CIPELAH",-7.171.003,107.294.264,367.467,1,7,1,0
"JAWA BARAT, KABUPATEN BANDUNG, RANCABALI, ALAMENDAH",-7.141.538,107.422.195,2760.99,1,1,4,0
"JAWA BARAT, KABUPATEN BANDUNG, SOREANG, PANYIRAPAN",-7.049.881,107.521.854,2272.94,1,5,3,0
"JAWA BARAT, KABUPATEN BANDUNG, SOREANG, SUKANAGARA",-7.065.081,107.518.936,2267.37,5,5,3,1
"JAWA BARAT, KABUPATEN BANDUNG, PASIRJAMBU, CUKANGGENTENG",-7.079.423,107.499.905,2269.68,5,5,3,1
"JAWA BARAT, KABUPATEN BANDUNG, PASIRJAMBU, CISONDARI",-7.127.131,107.488.809,2216.54,7,3,3,1
"JAWA BARAT, KABUPATEN BANDUNG, PASIRJAMBU, MARGAMULYA",-7.130.081,107.459.001,2383.19,5,3,3,1
"JAWA BARAT, KABUPATEN BANDUNG, CIWIDEY, NENGKELAN",-7.064.169,107.463.958,147.741,6,7,1,0
"JAWA BARAT, KABUPATEN BANDUNG, CIWIDEY, PANUNDAAN",-7.120.492,10.744.017,2527.76,9,1,4,0
"JAWA BARAT, KABUPATEN BANDUNG, CIWIDEY, RAWABOGO",-705.837,107.444.787,2336.46,5,7,3,1
"JAWA BARAT, KABUPATEN BANDUNG, CIWIDEY, SUKAWENING",-7.066.873,107.475.166,2290.97,1,7,3,0
"JAWA BARAT, KABUPATEN BANDUNG, RANCABALI, PATENGAN",-7.164.693,107.358.675,3118.86,1,7,5,0
"JAWA BARAT, KABUPATEN BANDUNG, RANCABALI, CIPELAH",-7.171.003,107.294.264,367.467,1,7,1,0
"JAWA BARAT, KABUPATEN BANDUNG, RANCABALI, ALAMENDAH",-7.141.538,107.422.195,2760.99,1,1,4,0
"JAWA BARAT, KABUPATEN BANDUNG, PASIRJAMBU, PASIRJAMBU",-7.088.203,107.471.956,2305.87,9,1,3,0
"JAWA BARAT, KABUPATEN BANDUNG, PASIRJAMBU, CIBODAS",-7.090.093,107.473.612,2301.96,7,1,3,0
"JAWA BARAT, KABUPATEN BANDUNG, PASIRJAMBU, CIKONENG",-7.069.633,107.486.203,2284.21,6,1,3,0
"JAWA BARAT, KABUPATEN BANDUNG, PASIRJAMBU, MEKARSARI",-7.133.173,107.512.842,2077.88,5,3,3,1
"JAWA BARAT, KABUPATEN BANDUNG, PASIRJAMBU, MEKARMAJU",-7.087.979,107.471.013,2305.87,9,1,3,0
"JAWA BARAT, KABUPATEN BANDUNG, PASIRJAMBU, TENJOLAYA",-7.115.178,107.469.955,2320.31,9,7,3,1
"JAWA BARAT, KABUPATEN BANDUNG, CIWIDEY, LEBAKMUNCANG",-7.089.972,107.448.849,176.2,9,1,1,0
"JAWA BARAT, KABUPATEN BANDUNG, CIWIDEY, CIWIDEY",-710.323,107.464.055,2341.83,9,1,3,0
"JAWA BARAT, KABUPATEN BANDUNG, CIWIDEY, PANYOCOKAN",-7.089.728,1.074.652,2321.31,9,1,3,0
"JAWA BARAT, KABUPATEN BANDUNG, PASIRJAMBU, PASIRJAMBU",-7.088.203,107.471.956,2305.87,9,1,3,0
"JAWA BARAT, KABUPATEN BANDUNG, PASIRJAMBU, CIBODAS",-7.090.093,107.473.612,2301.96,7,1,3,0
"JAWA BARAT, KABUPATEN BANDUNG, PASIRJAMBU, CIKONENG",-7.069.633,107.486.203,2284.21,6,1,3,0
"JAWA BARAT, KABUPATEN BANDUNG, PASIRJAMBU, MEKARSARI",-7.133.173,107.512.842,2077.88,5,3,3,1
"JAWA BARAT, KABUPATEN BANDUNG, PASIRJAMBU, MEKARMAJU",-7.087.979,107.471.013,2305.87,9,1,3,0
"JAWA BARAT, KABUPATEN BANDUNG, PASIRJAMBU, TENJOLAYA",-7.115.178,107.469.955,2320.31,9,7,3,1
"JAWA BARAT, KABUPATEN BANDUNG, CIWIDEY, LEBAKMUNCANG",-7.089.972,107.448.849,176.2,9,1,1,0
"JAWA BARAT, KABUPATEN BANDUNG, CIWIDEY, CIWIDEY",-710.323,107.464.055,2341.83,9,1,3,0
"JAWA BARAT, KABUPATEN BANDUNG, CIWIDEY, PANYOCOKAN",-7.089.728,1.074.652,2321.31,9,1,3,0
"JAWA BARAT, KABUPATEN BANDUNG, PASIRJAMBU, PASIRJAMBU",-7.088.203,107.471.956,2305.87,9,1,3,0
"JAWA BARAT, KABUPATEN BANDUNG, PASIRJAMBU, CIBODAS",-7.090.093,107.473.612,2301.96,7,1,3,0
"JAWA BARAT, KABUPATEN BANDUNG, PASIRJAMBU, CIKONENG",-7.069.633,107.486.203,2284.21,6,1,3,0
"JAWA BARAT, KABUPATEN BANDUNG, PASIRJAMBU, MEKARSARI",-7.133.173,107.512.842,2077.88,5,3,3,1
"JAWA BARAT, KABUPATEN BANDUNG, PASIRJAMBU, MEKARMAJU",-7.087.979,107.471.013,2305.87,9,1,3,0
"JAWA BARAT, KABUPATEN BANDUNG, PASIRJAMBU, TENJOLAYA",-7.115.178,107.469.955,2320.31,9,7,3,1
"JAWA BARAT, KABUPATEN BANDUNG, CIWIDEY, LEBAKMUNCANG",-7.089.972,107.448.849,176.2,9,1,1,0
"JAWA BARAT, KABUPATEN BANDUNG, CIWIDEY, CIWIDEY",-710.323,107.464.055,2341.83,9,1,3,0
"JAWA BARAT, KABUPATEN BANDUNG, CIWIDEY, PANYOCOKAN",-7.089.728,1.074.652,2321.31,9,1,3,0
Kec. Cimaung Ds. Sukamaju,-7.115.492,107.526.652,2118.71,5,3,3,1
Kec. Ciwidey Ds. Ciwidey,-7.102.628,107.463.481,2341.83,9,1,3,0
Kec. Pasirjambu Ds. Tenjolaya Kecamatan Ciwidey Kel Ciwidey Kecamatan Soreang Kel Pamekaran,-7.193.613,107.480.235,2122.59,2,7,3,0
Kec. Ciwidey Ds. Ciwidey Kec. BojongSoang,-7.102.628,107.463.481,2341.83,9,1,3,0
Kec. Pangalengan Ds. Margamulya,-7.130.081,107.459.001,2383.19,5,3,3,1
Kec. Rancabali Ds. Alamendah Kec. Ciparay Ds. Mangunharja,-7.141.538,107.422.195,2760.99,1,1,4,0
Kec. Kertasari Ds. Cibereum Kec. Pasir Jambu Ds. Mekarsari,-7.100.202,107.470.643,2317.37,9,1,3,0
"JAWA BARAT, KABUPATEN BANDUNG, BANJARAN, KAMASAN",-7.049.468,107.577.835,2206.38,6,6,3,1
"JAWA BARAT, KABUPATEN BANDUNG, BANJARAN, SINDANGPANON",-7.077.363,10.758.678,2163.71,7,5,3,1
"JAWA BARAT, KABUPATEN BANDUNG, BANJARAN, KIANGROKE",-7.046.472,107.569.174,115.539,6,8,1,0
"JAWA BARAT, KABUPATEN BANDUNG, BANJARAN, MARGAHURIP",-7.053.728,107.565.405,2213.62,6,5,3,1
"JAWA BARAT, KABUPATEN BANDUNG, BANJARAN, PASIRMULYA",-7.091.043,10.758.928,2131.13,7,5,3,1
"JAWA BARAT, KABUPATEN BANDUNG, PANGALENGAN, LAMAJANG",-7.126.691,107.542.988,40.756,5,3,1,0
"JAWA BARAT, KABUPATEN BANDUNG, PANGALENGAN, MARGAMUKTI",-7.180.318,107.604.872,1874.68,1,3,2,0
"JAWA BARAT, KABUPATEN BANDUNG, PANGALENGAN, MARGAMEKAR",-7.197.253,107.574.856,1760.19,1,3,2,0
"JAWA BARAT, KABUPATEN BANDUNG, ARJASARI, WARGALUYU",-7.050.118,107.632.998,105.344,5,5,1,0
"JAWA BARAT, KABUPATEN BANDUNG, CIMAUNG, JAGABAYA",-70.731,10.755.959,2.197,6,5,1,0
"JAWA BARAT, KABUPATEN BANDUNG, CIMAUNG, PASIRHUNI",-7.081.409,107.575.062,2163.26,7,5,3,1
"JAWA BARAT, KABUPATEN BANDUNG, PACET, MARUYUNG",-7.109.995,107.697.337,2094.16,6,5,3,1
"JAWA BARAT, KABUPATEN BANDUNG, CANGKUANG, PANANJUNG",-7.061.042,107.528.088,131.336,6,5,1,0
"JAWA BARAT, KABUPATEN BANDUNG, BANJARAN, KAMASAN",-7.049.468,107.577.835,2206.38,6,6,3,1
"JAWA BARAT, KABUPATEN BANDUNG, BANJARAN, SINDANGPANON",-7.077.363,10.758.678,2163.71,7,5,3,1
"JAWA BARAT, KABUPATEN BANDUNG, BANJARAN, KIANGROKE",-7.046.472,107.569.174,115.539,6,8,1,0
"JAWA BARAT, KABUPATEN BANDUNG, BANJARAN, MARGAHURIP",-7.053.728,107.565.405,2213.62,6,5,3,1
"JAWA BARAT, KABUPATEN BANDUNG, BANJARAN, PASIRMULYA",-7.091.043,10.758.928,2131.13,7,5,3,1
"JAWA BARAT, KABUPATEN BANDUNG, PANGALENGAN, LAMAJANG",-7.126.691,107.542.988,40.756,5,3,1,0
"JAWA BARAT, KABUPATEN BANDUNG, PANGALENGAN, MARGAMUKTI",-7.180.318,107.604.872,1874.68,1,3,2,0
"JAWA BARAT, KABUPATEN BANDUNG, PANGALENGAN, MARGAMEKAR",-7.197.253,107.574.856,1760.19,1,3,2,0
"JAWA BARAT, KABUPATEN BANDUNG, ARJASARI, WARGALUYU",-7.050.118,107.632.998,105.344,5,5,1,0
"JAWA BARAT, KABUPATEN BANDUNG, CIMAUNG, JAGABAYA",-70.731,10.755.959,2.197,6,5,1,0
"JAWA BARAT, KABUPATEN BANDUNG, CIMAUNG, PASIRHUNI",-7.081.409,107.575.062,2163.26,7,5,3,1
"JAWA BARAT, KABUPATEN BANDUNG, PACET, MARUYUNG",-7.109.995,107.697.337,2094.16,6,5,3,1
"JAWA BARAT, KABUPATEN BANDUNG, CANGKUANG, PANANJUNG",-7.061.042,107.528.088,131.336,6,5,1,0
"JAWA BARAT, KABUPATEN BANDUNG, BANJARAN, KAMASAN",-7.049.468,107.577.835,2206.38,6,6,3,1
"JAWA BARAT, KABUPATEN BANDUNG, BANJARAN, SINDANGPANON",-7.077.363,10.758.678,2163.71,7,5,3,1
"JAWA BARAT, KABUPATEN BANDUNG, BANJARAN, KIANGROKE",-7.046.472,107.569.174,115.539,6,8,1,0
"JAWA BARAT, KABUPATEN BANDUNG, BANJARAN, MARGAHURIP",-7.053.728,107.565.405,2213.62,6,5,3,1
"JAWA BARAT, KABUPATEN BANDUNG, BANJARAN, PASIRMULYA",-7.091.043,10.758.928,2131.13,7,5,3,1
"JAWA BARAT, KABUPATEN BANDUNG, PANGALENGAN, LAMAJANG",-7.126.691,107.542.988,40.756,5,3,1,0
"JAWA BARAT, KABUPATEN BANDUNG, PANGALENGAN, MARGAMUKTI",-7.180.318,107.604.872,1874.68,1,3,2,0
"JAWA BARAT, KABUPATEN BANDUNG, PANGALENGAN, MARGAMEKAR",-7.197.253,107.574.856,1760.19,1,3,2,0
"JAWA BARAT, KABUPATEN BANDUNG, ARJASARI, WARGALUYU",-7.050.118,107.632.998,105.344,5,5,1,0
"JAWA BARAT, KABUPATEN BANDUNG, CIMAUNG, JAGABAYA",-70.731,10.755.959,2.197,6,5,1,0
"JAWA BARAT, KABUPATEN BANDUNG, CIMAUNG, PASIRHUNI",-7.081.409,107.575.062,2163.26,7,5,3,1
"JAWA BARAT, KABUPATEN BANDUNG, PACET, MARUYUNG",-7.109.995,107.697.337,2094.16,6,5,3,1
"JAWA BARAT, KABUPATEN BANDUNG, CANGKUANG, PANANJUNG",-7.061.042,107.528.088,131.336,6,5,1,0
"JAWA BARAT, KABUPATEN BANDUNG, BANJARAN, BANJARAN WETAN",-7.072.447,107.602.015,2165.65,5,5,3,1
"JAWA BARAT, KABUPATEN BANDUNG, BANJARAN, CIAPUS",-7.075.712,107.593.816,95.451,7,5,1,0
"JAWA BARAT, KABUPATEN BANDUNG, BANJARAN, MEKARJAYA",-7.093.329,107.600.028,2124.39,7,3,3,1
"JAWA BARAT, KABUPATEN BANDUNG, PANGALENGAN, PANGALENGAN",-7.164.045,10.760.302,122.0,1,3,1,0
"JAWA BARAT, KABUPATEN BANDUNG, PANGALENGAN, SUKAMANAH",-7.190.085,107.586.937,1796.56,1,3,2,0
"JAWA BARAT, KABUPATEN BANDUNG, PANGALENGAN, MARGAMULYA",-715.793,107.583.464,-16.344,1,3,1,0
"JAWA BARAT, KABUPATEN BANDUNG, PANGALENGAN, BANJARSARI",-7.215.105,107.596.212,1851.85,1,3,2,0
"JAWA BARAT, KABUPATEN BANDUNG, PANGALENGAN, TRIBAKTIMULYA",-7.143.142,107.585.982,1922.94,2,3,2,0
"JAWA BARAT, KABUPATEN BANDUNG, PANGALENGAN, WANASUKA",-7.246.195,107.617.935,18.111,9,3,1,0
"JAWA BARAT, KABUPATEN BANDUNG, ARJASARI, ARJASARI",-7.076.116,107.640.089,2149.17,6,3,3,1
"JAWA BARAT, KABUPATEN BANDUNG, ARJASARI, LEBAKWANGI",-7.043.379,107.607.555,110.425,1,5,1,0
"JAWA BARAT, KABUPATEN BANDUNG, ARJASARI, BATUKARUT",-7.068.763,107.608.822,2170.15,7,5,3,1
"JAWA BARAT, KABUPATEN BANDUNG, ARJASARI, ANCOLMEKAR",-7.087.497,10.766.832,2123.69,6,5,3,1
"JAWA BARAT, KABUPATEN BANDUNG, ARJASARI, BAROS",-7.087.932,107.632.181,2132.19,1,3,3,0
"JAWA BARAT, KABUPATEN BANDUNG, ARJASARI, MANGUNJAYA",-7.093.635,107.621.363,82.302,1,3,1,0
"JAWA BARAT, KABUPATEN BANDUNG, ARJASARI, MEKARJAYA",-7.099.717,107.633.146,2114.76,1,3,3,0
"JAWA BARAT, KABUPATEN BANDUNG, ARJASARI, PINGGIRSARI",-7.080.987,107.654.935,86.381,6,3,1,0
"JAWA BARAT, KABUPATEN BANDUNG, ARJASARI, PATROLSARI",-7.054.134,107.671.243,2153.36,5,5,3,1
"JAWA BARAT, KABUPATEN BANDUNG, ARJASARI, RANCAKOLE",-7.070.435,107.676.273,2133.44,6,5,3,1
"JAWA BARAT, KABUPATEN BANDUNG, CIMAUNG, CIMAUNG",-7.090.613,107.561.639,2151.44,9,5,3,1
"JAWA BARAT, KABUPATEN BANDUNG, CIMAUNG, CAMPAKAMULYA",-7.106.941,107.592.755,2083.42,7,3,3,1
"JAWA BARAT, KABUPATEN BANDUNG, CIMAUNG, CIKALONG",-7.130.129,107.585.264,1989.56,2,3,2,0
"JAWA BARAT, KABUPATEN BANDUNG, CIMAUNG, WARJABAKTI",-7.131.758,10.758.697,1982.82,2,3,2,0
"JAWA BARAT, KABUPATEN BANDUNG, CIPARAY, CIKONENG",-7.076.253,107.704.583,2104.46,6,5,3,1
"JAWA BARAT, KABUPATEN BANDUNG, CIPARAY, PAKUTANDANG",-704.302,107.709.838,2116.43,6,6,3,1
"JAWA BARAT, KABUPATEN BANDUNG, PACET, CIPEUJEUH",-7.095.967,107.703.147,2097.41,9,5,3,1
"JAWA BARAT, KABUPATEN BANDUNG, PACET, CIKITU",-7.152.569,107.663.249,2056.36,1,3,3,0
"JAWA BARAT, KABUPATEN BANDUNG, PACET, SUKARAME",-7.162.114,107.713.768,2080.34,2,3,3,0
"JAWA BARAT, KABUPATEN BANDUNG, PACET, NAGRAK",-7.115.086,10.772.059,2086.26,5,5,3,1
"JAWA BARAT, KABUPATEN BANDUNG, PACET, CIKAWAO",-7.119.454,107.730.175,2083.65,5,3,3,1
"JAWA BARAT, KABUPATEN BANDUNG, PACET, MEKARJAYA",-7.121.446,107.666.684,2090.33,1,3,3,0
"JAWA BARAT, KABUPATEN BANDUNG, PACET, PANGAUBAN",-7.140.213,107.660.778,2069.22,5,3,3,1
"JAWA BARAT, KABUPATEN BANDUNG, PACET, MANDALAHAJI",-71.167,107.708.485,2089.41,6,5,3,1
"JAWA BARAT, KABUPATEN BANDUNG, PACET, GIRIMULYA",-7.157.447,107.669.022,2.059,5,3,1,0
"JAWA BARAT, KABUPATEN BANDUNG, PACET, TANJUNGWANGI",-709.138,107.712.804,2093.57,1,5,3,0
"JAWA BARAT, KABUPATEN BANDUNG, PACET, MEKARSARI",-7.100.292,107.681.994,2105.26,1,5,3,0
"JAWA BARAT, KABUPATEN BANDUNG, KERTASARI, SUKAPURA",-7.169.258,107.669.201,2049.37,5,3,3,1
"JAWA BARAT, KABUPATEN BANDUNG, KERTASARI, CIBEUREUM",-7.189.821,107.662.298,45.536,5,3,1,0
"JAWA BARAT, KABUPATEN BANDUNG, KERTASARI, SANTOSA",-7.269.392,107.635.566,2006.47,1,3,3,0
"JAWA BARAT, KABUPATEN BANDUNG, KERTASARI, TARUMAJAYA",-7.230.035,107.664.374,2021.18,1,3,3,0
"JAWA BARAT, KABUPATEN BANDUNG, KERTASARI, NEGLAWANGI",-7.274.356,107.697.231,2066.97,1,1,3,0
"JAWA BARAT, KABUPATEN BANDUNG, KERTASARI, CIHAWUK",-7.198.965,107.704.747,2066.98,1,3,3,0
"JAWA BARAT, KABUPATEN BANDUNG, KERTASARI, CIKEMBANG",-7.212.083,10.768.862,2051.66,5,3,3,1
"JAWA BARAT, KABUPATEN BANDUNG, MAJALAYA, MAJALAYA",-7.057.524,10.775.158,2079.82,9,6,3,1
"JAWA BARAT, KABUPATEN BANDUNG, MAJALAYA, WANGISAGARA",-7.079.241,107.731.298,2086.53,6,6,3,1
"JAWA BARAT, KABUPATEN BANDUNG, MAJALAYA, BIRU",-7.052.554,107.719.285,2102.83,9,5,3,1
"JAWA BARAT, KABUPATEN BANDUNG, MAJALAYA, PADAMULYA",-7.064.578,107.740.249,67.359,6,5,1,0
"JAWA BARAT, KABUPATEN BANDUNG, MAJALAYA, MAJASETRA",-70.419,107.747.175,2079.91,6,6,3,1
"JAWA BARAT, KABUPATEN BANDUNG, MAJALAYA, MAJAKERTA",-7.052.546,107.756.552,2075.87,9,6,3,1
"JAWA BARAT, KABUPATEN BANDUNG, MAJALAYA, SUKAMAJU",-7.057.213,107.743.839,2082.46,6,6,3,1
"JAWA BARAT, KABUPATEN BANDUNG, MAJALAYA, PADAULUN",-7.056.088,107.729.237,2092.68,9,5,3,1
"JAWA BARAT, KABUPATEN BANDUNG, MAJALAYA, NEGLASARI",-7.079.132,107.721.325,2091.98,6,5,3,1
"JAWA BARAT, KABUPATEN BANDUNG, MAJALAYA, SUKAMUKTI",-7.063.735,107.735.381,68.362,9,5,1,0
"JAWA BARAT, KABUPATEN BANDUNG, IBUN, IBUN",-7.132.164,10.775.965,2080.84,1,3,3,0
"JAWA BARAT, KABUPATEN BANDUNG, IBUN, DUKUH",-7.139.042,107.749.163,2081.85,2,3,3,0
"JAWA BARAT, KABUPATEN BANDUNG, IBUN, PANGGUH",-7.105.259,107.739.694,2081.62,6,5,3,1
"JAWA BARAT, KABUPATEN BANDUNG, IBUN, LAMPEGAN",-707.826,107.751.989,2080.36,9,5,3,1
"JAWA BARAT, KABUPATEN BANDUNG, IBUN, NEGLASARI",-7.139.568,107.739.851,2082.49,2,3,3,0
"JAWA BARAT, KABUPATEN BANDUNG, IBUN, CIBEET",-7.094.255,107.754.724,2080.15,1,5,3,0
"JAWA BARAT, KABUPATEN BANDUNG, IBUN, KARYALAKSANA",-7.087.084,107.743.279,2081.72,6,5,3,1
"JAWA BARAT, KABUPATEN BANDUNG, BANJARAN, BANJARAN WETAN",-7.072.447,107.602.015,2165.65,5,5,3,1
"JAWA BARAT, KABUPATEN BANDUNG, BANJARAN, CIAPUS",-7.075.712,107.593.816,95.451,7,5,1,0
"JAWA BARAT, KABUPATEN BANDUNG, BANJARAN, MEKARJAYA",-7.093.329,107.600.028,2124.39,7,3,3,1
"JAWA BARAT, KABUPATEN BANDUNG, PANGALENGAN, PANGALENGAN",-7.164.045,10.760.302,122.0,1,3,1,0
"JAWA BARAT, KABUPATEN BANDUNG, PANGALENGAN, SUKAMANAH",-7.190.085,107.586.937,1796.56,1,3,2,0
"JAWA BARAT, KABUPATEN BANDUNG, PANGALENGAN, MARGAMULYA",-715.793,107.583.464,-16.344,1,3,1,0
"JAWA BARAT, KABUPATEN BANDUNG, PANGALENGAN, BANJARSARI",-7.215.105,107.596.212,1851.85,1,3,2,0
"JAWA BARAT, KABUPATEN BANDUNG, PANGALENGAN, TRIBAKTIMULYA",-7.143.142,107.585.982,1922.94,2,3,2,0
"JAWA BARAT, KABUPATEN BANDUNG, PANGALENGAN, WANASUKA",-7.246.195,107.617.935,18.111,9,3,1,0
"JAWA BARAT, KABUPATEN BANDUNG, ARJASARI, ARJASARI",-7.076.116,107.640.089,2149.17,6,3,3,1
"JAWA BARAT, KABUPATEN BANDUNG, ARJASARI, LEBAKWANGI",-7.043.379,107.607.555,110.425,1,5,1,0
"JAWA BARAT, KABUPATEN BANDUNG, ARJASARI, BATUKARUT",-7.068.763,107.608.822,2170.15,7,5,3,1
"JAWA BARAT, KABUPATEN BANDUNG, ARJASARI, ANCOLMEKAR",-7.087.497,10.766.832,2123.69,6,5,3,1
"JAWA BARAT, KABUPATEN BANDUNG, ARJASARI, BAROS",-7.087.932,107.632.181,2132.19,1,3,3,0
"JAWA BARAT, KABUPATEN BANDUNG, ARJASARI, MANGUNJAYA",-7.093.635,107.621.363,82.302,1,3,1,0
"JAWA BARAT, KABUPATEN BANDUNG, ARJASARI, MEKARJAYA",-7.099.717,107.633.146,2114.76,1,3,3,0
"JAWA BARAT, KABUPATEN BANDUNG, ARJASARI, PINGGIRSARI",-7.080.987,107.654.935,86.381,6,3,1,0
"JAWA BARAT, KABUPATEN BANDUNG, ARJASARI, PATROLSARI",-7.054.134,107.671.243,2153.36,5,5,3,1
"JAWA BARAT, KABUPATEN BANDUNG, ARJASARI, RANCAKOLE",-7.070.435,107.676.273,2133.44,6,5,3,1
"JAWA BARAT, KABUPATEN BANDUNG, CIMAUNG, CIMAUNG",-7.090.613,107.561.639,2151.44,9,5,3,1
"JAWA BARAT, KABUPATEN BANDUNG, CIMAUNG, CAMPAKAMULYA",-7.106.941,107.592.755,2083.42,7,3,3,1
"JAWA BARAT, KABUPATEN BANDUNG, CIMAUNG, CIKALONG",-7.130.129,107.585.264,1989.56,2,3,2,0
"JAWA BARAT, KABUPATEN BANDUNG, CIMAUNG, WARJABAKTI",-7.131.758,10.758.697,1982.82,2,3,2,0
"JAWA BARAT, KABUPATEN BANDUNG, CIPARAY, CIKONENG",-7.076.253,107.704.583,2104.46,6,5,3,1
"JAWA BARAT, KABUPATEN BANDUNG, CIPARAY, PAKUTANDANG",-704.302,107.709.838,2116.43,6,6,3,1
"JAWA BARAT, KABUPATEN BANDUNG, PACET, CIPEUJEUH",-7.095.967,107.703.147,2097.41,9,5,3,1
"JAWA BARAT, KABUPATEN BANDUNG, PACET, CIKITU",-7.152.569,107.663.249,2056.36,1,3,3,0
"JAWA BARAT, KABUPATEN BANDUNG, PACET, SUKARAME",-7.162.114,107.713.768,2080.34,2,3,3,0
"JAWA BARAT, KABUPATEN BANDUNG, PACET, NAGRAK",-7.115.086,10.772.059,2086.26,5,5,3,1
"JAWA BARAT, KABUPATEN BANDUNG, PACET, CIKAWAO",-7.119.454,107.730.175,2083.65,5,3,3,1
"JAWA BARAT, KABUPATEN BANDUNG, PACET, MEKARJAYA",-7.121.446,107.666.684,2090.33,1,3,3,0
"JAWA BARAT, KABUPATEN BANDUNG, PACET, PANGAUBAN",-7.140.213,107.660.778,2069.22,5,3,3,1
"JAWA BARAT, KABUPATEN BANDUNG, PACET, MANDALAHAJI",-71.167,107.708.485,2089.41,6,5,3,1
"JAWA BARAT, KABUPATEN BANDUNG, PACET, GIRIMULYA",-7.157.447,107.669.022,2.059,5,3,1,0
"JAWA BARAT, KABUPATEN BANDUNG, PACET, TANJUNGWANGI",-709.138,107.712.804,2093.57,1,5,3,0
"JAWA BARAT, KABUPATEN BANDUNG, PACET, MEKARSARI",-7.100.292,107.681.994,2105.26,1,5,3,0
"JAWA BARAT, KABUPATEN BANDUNG, KERTASARI, SUKAPURA",-7.169.258,107.669.201,2049.37,5,3,3,1
"JAWA BARAT, KABUPATEN BANDUNG, KERTASARI, CIBEUREUM",-7.189.821,107.662.298,45.536,5,3,1,0
"JAWA BARAT, KABUPATEN BANDUNG, KERTASARI, SANTOSA",-7.269.392,107.635.566,2006.47,1,3,3,0
"JAWA BARAT, KABUPATEN BANDUNG, KERTASARI, TARUMAJAYA",-7.230.035,107.664.374,2021.18,1,3,3,0
"JAWA BARAT, KABUPATEN BANDUNG, KERTASARI, NEGLAWANGI",-7.274.356,107.697.231,2066.97,1,1,3,0
"JAWA BARAT, KABUPATEN BANDUNG, KERTASARI, CIHAWUK",-7.198.965,107.704.747,2066.98,1,3,3,0
"JAWA BARAT, KABUPATEN BANDUNG, KERTASARI, CIKEMBANG",-7.212.083,10.768.862,2051.66,5,3,3,1
"JAWA BARAT, KABUPATEN BANDUNG, MAJALAYA, MAJALAYA",-7.057.524,10.775.158,2079.82,9,6,3,1
"JAWA BARAT, KABUPATEN BANDUNG, MAJALAYA, WANGISAGARA",-7.079.241,107.731.298,2086.53,6,6,3,1
"JAWA BARAT, KABUPATEN BANDUNG, MAJALAYA, BIRU",-7.052.554,107.719.285,2102.83,9,5,3,1
"JAWA BARAT, KABUPATEN BANDUNG, MAJALAYA, PADAMULYA",-7.064.578,107.740.249,67.359,6,5,1,0
"JAWA BARAT, KABUPATEN BANDUNG, MAJALAYA, MAJASETRA",-70.419,107.747.175,2079.91,6,6,3,1
"JAWA BARAT, KABUPATEN BANDUNG, MAJALAYA, MAJAKERTA",-7.052.546,107.756.552,2075.87,9,6,3,1
"JAWA BARAT, KABUPATEN BANDUNG, MAJALAYA, SUKAMAJU",-7.057.213,107.743.839,2082.46,6,6,3,1
"JAWA BARAT, KABUPATEN BANDUNG, MAJALAYA, PADAULUN",-7.056.088,107.729.237,2092.68,9,5,3,1
"JAWA BARAT, KABUPATEN BANDUNG, MAJALAYA, NEGLASARI",-7.079.132,107.721.325,2091.98,6,5,3,1
"JAWA BARAT, KABUPATEN BANDUNG, MAJALAYA, SUKAMUKTI",-7.063.735,107.735.381,68.362,9,5,1,0
"JAWA BARAT, KABUPATEN BANDUNG, IBUN, IBUN",-7.132.164,10.775.965,2080.84,1,3,3,0
"JAWA BARAT, KABUPATEN BANDUNG, IBUN, DUKUH",-7.139.042,107.749.163,2081.85,2,3,3,0
"JAWA BARAT, KABUPATEN BANDUNG, IBUN, PANGGUH",-7.105.259,107.739.694,2081.62,6,5,3,1
"JAWA BARAT, KABUPATEN BANDUNG, IBUN, LAMPEGAN",-707.826,107.751.989,2080.36,9,5,3,1
"JAWA BARAT, KABUPATEN BANDUNG, IBUN, NEGLASARI",-7.139.568,107.739.851,2082.49,2,3,3,0
"JAWA BARAT, KABUPATEN BANDUNG, IBUN, CIBEET",-7.094.255,107.754.724,2080.15,1,5,3,0
"JAWA BARAT, KABUPATEN BANDUNG, IBUN, KARYALAKSANA",-7.087.084,107.743.279,2081.72,6,5,3,1
"JAWA BARAT, KABUPATEN BANDUNG, BANJARAN, BANJARAN WETAN",-7.072.447,107.602.015,2165.65,5,5,3,1
"JAWA BARAT, KABUPATEN BANDUNG, BANJARAN, CIAPUS",-7.075.712,107.593.816,95.451,7,5,1,0
"JAWA BARAT, KABUPATEN BANDUNG, BANJARAN, MEKARJAYA",-7.093.329,107.600.028,2124.39,7,3,3,1
"JAWA BARAT, KABUPATEN BANDUNG, PANGALENGAN, PANGALENGAN",-7.164.045,10.760.302,122.0,1,3,1,0
"JAWA BARAT, KABUPATEN BANDUNG, PANGALENGAN, SUKAMANAH",-7.190.085,107.586.937,1796.56,1,3,2,0
"JAWA BARAT, KABUPATEN BANDUNG, PANGALENGAN, MARGAMULYA",-715.793,107.583.464,-16.344,1,3,1,0
"JAWA BARAT, KABUPATEN BANDUNG, PANGALENGAN, BANJARSARI",-7.215.105,107.596.212,1851.85,1,3,2,0
"JAWA BARAT, KABUPATEN BANDUNG, PANGALENGAN, TRIBAKTIMULYA",-7.143.142,107.585.982,1922.94,2,3,2,0
"JAWA BARAT, KABUPATEN BANDUNG, PANGALENGAN, WANASUKA",-7.246.195,107.617.935,18.111,9,3,1,0
"JAWA BARAT, KABUPATEN BANDUNG, ARJASARI, ARJASARI",-7.076.116,107.640.089,2149.17,6,3,3,1
"JAWA BARAT, KABUPATEN BANDUNG, ARJASARI, LEBAKWANGI",-7.043.379,107.607.555,110.425,1,5,1,0
"JAWA BARAT, KABUPATEN BANDUNG, ARJASARI, BATUKARUT",-7.068.763,107.608.822,2170.15,7,5,3,1
"JAWA BARAT, KABUPATEN BANDUNG, ARJASARI, ANCOLMEKAR",-7.087.497,10.766.832,2123.69,6,5,3,1
"JAWA BARAT, KABUPATEN BANDUNG, ARJASARI, BAROS",-7.087.932,107.632.181,2132.19,1,3,3,0
"JAWA BARAT, KABUPATEN BANDUNG, ARJASARI, MANGUNJAYA",-7.093.635,107.621.363,82.302,1,3,1,0
"JAWA BARAT, KABUPATEN BANDUNG, ARJASARI, MEKARJAYA",-7.099.717,107.633.146,2114.76,1,3,3,0
"JAWA BARAT, KABUPATEN BANDUNG, ARJASARI, PINGGIRSARI",-7.080.987,107.654.935,86.381,6,3,1,0
"JAWA BARAT, KABUPATEN BANDUNG, ARJASARI, PATROLSARI",-7.054.134,107.671.243,2153.36,5,5,3,1
"JAWA BARAT, KABUPATEN BANDUNG, ARJASARI, RANCAKOLE",-7.070.435,107.676.273,2133.44,6,5,3,1
"JAWA BARAT, KABUPATEN BANDUNG, CIMAUNG, CIMAUNG",-7.090.613,107.561.639,2151.44,9,5,3,1
"JAWA BARAT, KABUPATEN BANDUNG, CIMAUNG, CAMPAKAMULYA",-7.106.941,107.592.755,2083.42,7,3,3,1
"JAWA BARAT, KABUPATEN BANDUNG, CIMAUNG, CIKALONG",-7.130.129,107.585.264,1989.56,2,3,2,0
"JAWA BARAT, KABUPATEN BANDUNG, CIMAUNG, WARJABAKTI",-7.131.758,10.758.697,1982.82,2,3,2,0
"JAWA BARAT, KABUPATEN BANDUNG, CIPARAY, CIKONENG",-7.076.253,107.704.583,2104.46,6,5,3,1
"JAWA BARAT, KABUPATEN BANDUNG, CIPARAY, PAKUTANDANG",-704.302,107.709.838,2116.43,6,6,3,1
"JAWA BARAT, KABUPATEN BANDUNG, PACET, CIPEUJEUH",-7.095.967,107.703.147,2097.41,9,5,3,1
"JAWA BARAT, KABUPATEN BANDUNG, PACET, CIKITU",-7.152.569,107.663.249,2056.36,1,3,3,0
"JAWA BARAT, KABUPATEN BANDUNG, PACET, SUKARAME",-7.162.114,107.713.768,2080.34,2,3,3,0
"JAWA BARAT, KABUPATEN BANDUNG, PACET, NAGRAK",-7.115.086,10.772.059,2086.26,5,5,3,1
"JAWA BARAT, KABUPATEN BANDUNG, PACET, CIKAWAO",-7.119.454,107.730.175,2083.65,5,3,3,1
"JAWA BARAT, KABUPATEN BANDUNG, PACET, MEKARJAYA",-7.121.446,107.666.684,2090.33,1,3,3,0
"JAWA BARAT, KABUPATEN BANDUNG, PACET, PANGAUBAN",-7.140.213,107.660.778,2069.22,5,3,3,1
"JAWA BARAT, KABUPATEN BANDUNG, PACET, MANDALAHAJI",-71.167,107.708.485,2089.41,6,5,3,1
"JAWA BARAT, KABUPATEN BANDUNG, PACET, GIRIMULYA",-7.157.447,107.669.022,2.059,5,3,1,0
"JAWA BARAT, KABUPATEN BANDUNG, PACET, TANJUNGWANGI",-709.138,107.712.804,2093.57,1,5,3,0
"JAWA BARAT, KABUPATEN BANDUNG, PACET, MEKARSARI",-7.100.292,107.681.994,2105.26,1,5,3,0
"JAWA BARAT, KABUPATEN BANDUNG, KERTASARI, SUKAPURA",-7.169.258,107.669.201,2049.37,5,3,3,1
"JAWA BARAT, KABUPATEN BANDUNG, KERTASARI, CIBEUREUM",-7.189.821,107.662.298,45.536,5,3,1,0
"JAWA BARAT, KABUPATEN BANDUNG, KERTASARI, SANTOSA",-7.269.392,107.635.566,2006.47,1,3,3,0
"JAWA BARAT, KABUPATEN BANDUNG, KERTASARI, TARUMAJAYA",-7.230.035,107.664.374,2021.18,1,3,3,0
"JAWA BARAT, KABUPATEN BANDUNG, KERTASARI, NEGLAWANGI",-7.274.356,107.697.231,2066.97,1,1,3,0
"JAWA BARAT, KABUPATEN BANDUNG, KERTASARI, CIHAWUK",-7.198.965,107.704.747,2066.98,1,3,3,0
"JAWA BARAT, KABUPATEN BANDUNG, KERTASARI, CIKEMBANG",-7.212.083,10.768.862,2051.66,5,3,3,1
"JAWA BARAT, KABUPATEN BANDUNG, MAJALAYA, MAJALAYA",-7.057.524,10.775.158,2079.82,9,6,3,1
"JAWA BARAT, KABUPATEN BANDUNG, MAJALAYA, WANGISAGARA",-7.079.241,107.731.298,2086.53,6,6,3,1
"JAWA BARAT, KABUPATEN BANDUNG, MAJALAYA, BIRU",-7.052.554,107.719.285,2102.83,9,5,3,1
"JAWA BARAT, KABUPATEN BANDUNG, MAJALAYA, PADAMULYA",-7.064.578,107.740.249,67.359,6,5,1,0
"JAWA BARAT, KABUPATEN BANDUNG, MAJALAYA, MAJASETRA",-70.419,107.747.175,2079.91,6,6,3,1
"JAWA BARAT, KABUPATEN BANDUNG, MAJALAYA, MAJAKERTA",-7.052.546,107.756.552,2075.87,9,6,3,1
"JAWA BARAT, KABUPATEN BANDUNG, MAJALAYA, SUKAMAJU",-7.057.213,107.743.839,2082.46,6,6,3,1
"JAWA BARAT, KABUPATEN BANDUNG, MAJALAYA, PADAULUN",-7.056.088,107.729.237,2092.68,9,5,3,1
"JAWA BARAT, KABUPATEN BANDUNG, MAJALAYA, NEGLASARI",-7.079.132,107.721.325,2091.98,6,5,3,1
"JAWA BARAT, KABUPATEN BANDUNG, MAJALAYA, SUKAMUKTI",-7.063.735,107.735.381,68.362,9,5,1,0
"JAWA BARAT, KABUPATEN BANDUNG, IBUN, IBUN",-7.132.164,10.775.965,2080.84,1,3,3,0
"JAWA BARAT, KABUPATEN BANDUNG, IBUN, DUKUH",-7.139.042,107.749.163,2081.85,2,3,3,0
"JAWA BARAT, KABUPATEN BANDUNG, IBUN, PANGGUH",-7.105.259,107.739.694,2081.62,6,5,3,1
"JAWA BARAT, KABUPATEN BANDUNG, IBUN, LAMPEGAN",-707.826,107.751.989,2080.36,9,5,3,1
"JAWA BARAT, KABUPATEN BANDUNG, IBUN, NEGLASARI",-7.139.568,107.739.851,2082.49,2,3,3,0
"JAWA BARAT, KABUPATEN BANDUNG, IBUN, CIBEET",-7.094.255,107.754.724,2080.15,1,5,3,0
"JAWA BARAT, KABUPATEN BANDUNG, IBUN, KARYALAKSANA",-7.087.084,107.743.279,2081.72,6,5,3,1
Kec. Kertasari Ds. Cibeureum,-7.189.821,107.662.298,45.536,5,3,1,0
Kec. Cangkuang Ds. Pananjung,-7.061.042,107.528.088,131.336,6,5,1,0
Kec. Arjasari Ds. Batukarut Ds. Mangunjaya Kec. Majalaya Ds. Sukamaju Ds. Majakerta Kec. Dayeuhkolot Ds. Cangkuang Kec. Cimenyan Ds. Cikadut Ds. Lampegan Kec. Paseh Kec. Cimaung Ds. Cipinang,-7.068.763,107.608.822,2170.15,7,5,3,1
Kec. Banjar Ds. Sindangpanon Ds. Ciapus Kec. Baleendah Kel. Baleendah Kec. Dayeuhkolot Ds. Citeureup,-7.077.363,10.758.678,2163.71,7,5,3,1
Kec. Kertasari Ds. Cibeureum Ds. Cikembang Ds. Cikembang,-7.189.821,107.662.298,45.536,5,3,1,0
Kec. Cicalengka Ds. Babakan Peuteuy Ds. Cicalengka Wetan,-707.444,107.686.565,2121.23,6,5,3,1
Kec. Kertasari Ds. Cihawuk,-7.182.508,107.700.707,2069.45,7,3,3,1
Kec. Arjasari Ds. Arjasari,-7.076.116,107.640.089,2149.17,6,3,3,1
Kec. Arjasari Ds. Rancakole,-7.070.435,107.676.273,2133.44,6,5,3,1
Kab. Bandung Kec. Pangalengan Ds. Margamukti Kec. Dayeuhkolot Ds. Dayeuhkolot Kel. Pesawahan Kec. Baleendah Kel. Andir Kel. Baleendah Kec. Banjaran,-7.180.318,107.604.872,1874.68,1,3,2,0
"JAWA BARAT, KABUPATEN BANDUNG, NAGREG, CIARO",-7.042.391,107.913.278,44.228,1,5,1,0
"JAWA BARAT, KABUPATEN BANDUNG, CIKANCUNG, MEKARLAKSANA",-7.063.207,107.825.145,2040.97,5,3,3,1
"JAWA BARAT, KABUPATEN BANDUNG, CIKANCUNG, SRIRAHAYU",-7.057.238,107.806.087,2048.72,7,5,3,1
"JAWA BARAT, KABUPATEN BANDUNG, PASEH, LOA",-7.111.545,107.794.135,2078.69,1,3,3,0
"JAWA BARAT, KABUPATEN BANDUNG, PASEH, CIPAKU",-7.063.244,107.782.988,2069.67,1,5,3,0
"JAWA BARAT, KABUPATEN BANDUNG, PASEH, DRAWATI",-7.081.294,107.804.149,2070.64,5,3,3,1
"JAWA BARAT, KABUPATEN BANDUNG, PASEH, SUKAMANTRI",-7.061.217,107.767.505,2074.72,1,5,3,0
"JAWA BARAT, KABUPATEN BANDUNG, PASEH, KARANGTUNGGAL",-7.057.315,107.798.114,2055.29,7,5,3,1
"JAWA BARAT, KABUPATEN BANDUNG, PASEH, MEKARPAWITAN",-7.042.405,107.774.908,2057.66,9,6,3,1
"JAWA BARAT, KABUPATEN BANDUNG, IBUN, LAKSANA",-7.137.239,107.779.642,65.777,1,3,1,0
"JAWA BARAT, KABUPATEN BANDUNG, IBUN, TALUN",-7.075.035,107.765.023,2078.83,6,5,3,1
"JAWA BARAT, KABUPATEN BANDUNG, IBUN, MEKARWANGI",-7.105.599,107.774.014,2079.93,1,3,3,0
"JAWA BARAT, KABUPATEN BANDUNG, IBUN, SUDI",-7.085.066,107.770.511,2079.53,7,5,3,1
"JAWA BARAT, KABUPATEN BANDUNG, NAGREG, CIARO",-7.042.391,107.913.278,44.228,1,5,1,0
"JAWA BARAT, KABUPATEN BANDUNG, CIKANCUNG, MEKARLAKSANA",-7.063.207,107.825.145,2040.97,5,3,3,1
"JAWA BARAT, KABUPATEN BANDUNG, CIKANCUNG, SRIRAHAYU",-7.057.238,107.806.087,2048.72,7,5,3,1
"JAWA BARAT, KABUPATEN BANDUNG, PASEH, LOA",-7.111.545,107.794.135,2078.69,1,3,3,0
"JAWA BARAT, KABUPATEN BANDUNG, PASEH, CIPAKU",-7.063.244,107.782.988,2069.67,1,5,3,0
"JAWA BARAT, KABUPATEN BANDUNG, PASEH, DRAWATI",-7.081.294,107.804.149,2070.64,5,3,3,1
"JAWA BARAT, KABUPATEN BANDUNG, PASEH, SUKAMANTRI",-7.061.217,107.767.505,2074.72,1,5,3,0
"JAWA BARAT, KABUPATEN BANDUNG, PASEH, KARANGTUNGGAL",-7.057.315,107.798.114,2055.29,7,5,3,1
"JAWA BARAT, KABUPATEN BANDUNG, PASEH, MEKARPAWITAN",-7.042.405,107.774.908,2057.66,9,6,3,1
"JAWA BARAT, KABUPATEN BANDUNG, IBUN, LAKSANA",-7.137.239,107.779.642,65.777,1,3,1,0
"JAWA BARAT, KABUPATEN BANDUNG, IBUN, TALUN",-7.075.035,107.765.023,2078.83,6,5,3,1
"JAWA BARAT, KABUPATEN BANDUNG, IBUN, MEKARWANGI",-7.105.599,107.774.014,2079.93,1,3,3,0
"JAWA BARAT, KABUPATEN BANDUNG, IBUN, SUDI",-7.085.066,107.770.511,2079.53,7,5,3,1
"JAWA BARAT, KABUPATEN BANDUNG, NAGREG, CIARO",-7.042.391,107.913.278,44.228,1,5,1,0
"JAWA BARAT, KABUPATEN BANDUNG, CIKANCUNG, MEKARLAKSANA",-7.063.207,107.825.145,2040.97,5,3,3,1
"JAWA BARAT, KABUPATEN BANDUNG, CIKANCUNG, SRIRAHAYU",-7.057.238,107.806.087,2048.72,7,5,3,1
"JAWA BARAT, KABUPATEN BANDUNG, PASEH, LOA",-7.111.545,107.794.135,2078.69,1,3,3,0
"JAWA BARAT, KABUPATEN BANDUNG, PASEH, CIPAKU",-7.063.244,107.782.988,2069.67,1,5,3,0
"JAWA BARAT, KABUPATEN BANDUNG, PASEH, DRAWATI",-7.081.294,107.804.149,2070.64,5,3,3,1
"JAWA BARAT, KABUPATEN BANDUNG, PASEH, SUKAMANTRI",-7.061.217,107.767.505,2074.72,1,5,3,0
"JAWA BARAT, KABUPATEN BANDUNG, PASEH, KARANGTUNGGAL",-7.057.315,107.798.114,2055.29,7,5,3,1
"JAWA BARAT, KABUPATEN BANDUNG, PASEH, MEKARPAWITAN",-7.042.405,107.774.908,2057.66,9,6,3,1
"JAWA BARAT, KABUPATEN BANDUNG, IBUN, LAKSANA",-7.137.239,107.779.642,65.777,1,3,1,0
"JAWA BARAT, KABUPATEN BANDUNG, IBUN, TALUN",-7.075.035,107.765.023,2078.83,6,5,3,1
"JAWA BARAT, KABUPATEN BANDUNG, IBUN, MEKARWANGI",-7.105.599,107.774.014,2079.93,1,3,3,0
"JAWA BARAT, KABUPATEN BANDUNG, IBUN, SUDI",-7.085.066,107.770.511,2079.53,7,5,3,1
Kec. Majalaya Ds. Majalaya Kec. Dayeuhkolot Ds. Citeurep Ds. Cangkuan Wetan Ds. Dayeuhkolot Kel. Pesawahan Kec. Baleendah Ds. Rancamanyar Kel. Andir Kel. Baleendah Kec. Ciparay Ds. Sumbersari Kec. Rancaekek Ds. Rancaekek Wetan Kec. Bojongsoang Ds. Tegalu,-704.952,107.761.598,63.249,9,6,1,0
"JAWA BARAT, KABUPATEN BANDUNG, SOREANG, PAMEKARAN",-7.027.331,107.526.421,2270.98,6,8,3,1
"JAWA BARAT, KABUPATEN BANDUNG, SOREANG, KARAMATMULYA",-7.041.507,107.517.595,2278.71,9,5,3,1
"JAWA BARAT, KABUPATEN BANDUNG, KUTAWARINGIN, PADASUKA",-7.014.983,10.752.325,2270.67,6,8,3,1
"JAWA BARAT, KABUPATEN BANDUNG, KUTAWARINGIN, CILAME",-7.036.769,107.493.488,2285.92,6,1,3,0
"JAWA BARAT, KABUPATEN BANDUNG, SOREANG, PAMEKARAN",-7.027.331,107.526.421,2270.98,6,8,3,1
"JAWA BARAT, KABUPATEN BANDUNG, SOREANG, KARAMATMULYA",-7.041.507,107.517.595,2278.71,9,5,3,1
"JAWA BARAT, KABUPATEN BANDUNG, KUTAWARINGIN, PADASUKA",-7.014.983,10.752.325,2270.67,6,8,3,1
"JAWA BARAT, KABUPATEN BANDUNG, KUTAWARINGIN, CILAME",-7.036.769,107.493.488,2285.92,6,1,3,0
"JAWA BARAT, KABUPATEN BANDUNG, SOREANG, PAMEKARAN",-7.027.331,107.526.421,2270.98,6,8,3,1
"JAWA BARAT, KABUPATEN BANDUNG, SOREANG, KARAMATMULYA",-7.041.507,107.517.595,2278.71,9,5,3,1
"JAWA BARAT, KABUPATEN BANDUNG, KUTAWARINGIN, PADASUKA",-7.014.983,10.752.325,2270.67,6,8,3,1
"JAWA BARAT, KABUPATEN BANDUNG, KUTAWARINGIN, CILAME",-7.036.769,107.493.488,2285.92,6,1,3,0
Kec. Kutawaringin Ds. Buninagara Ds. Cilame Serang Kec. Majalaya,-7.019.677,107.499.256,140.01,1,5,1,0
"JAWA BARAT, KABUPATEN BANDUNG, KATAPANG, SANGKANHURIP",-6.998.699,10.756.931,2225.62,6,6,3,1
"JAWA BARAT, KABUPATEN BANDUNG, KATAPANG, CILAMPENI",-6.989.053,107.556.009,2229.57,1,6,3,0
"JAWA BARAT, KABUPATEN BANDUNG, DAYEUHKOLOT, CANGKUANG WETAN",-6.975.512,107.604.508,2227.82,1,6,3,0
"JAWA BARAT, KABUPATEN BANDUNG, DAYEUHKOLOT, CANGKUANG KULON",-6.975.195,107.593.754,2222.56,1,6,3,0
"JAWA BARAT, KABUPATEN BANDUNG, BANJARAN, TARAJUSARI",-7.039.982,107.583.617,2210.88,6,6,3,1
"JAWA BARAT, KABUPATEN BANDUNG, PAMEUNGPEUK, BOJONGKUNCI",-7.019.432,107.573.404,2223.67,6,6,3,1
"JAWA BARAT, KABUPATEN BANDUNG, PAMEUNGPEUK, RANCAMULYA",-7.013.895,107.600.927,2225.95,6,6,3,1
"JAWA BARAT, KABUPATEN BANDUNG, PAMEUNGPEUK, LANGONSARI",-7.029.115,107.603.109,2215.93,6,5,3,1
"JAWA BARAT, KABUPATEN BANDUNG, RANCAEKEK, NANJUNG MEKAR",-6.964.717,107.541.564,2227.88,9,6,3,1
"JAWA BARAT, KABUPATEN BANDUNG, BALEENDAH, BOJONGMALAKA",-7.008.954,107.615.446,2232.88,1,5,3,0
"JAWA BARAT, KABUPATEN BANDUNG, BALEENDAH, RANCAMANYAR",-7.012.597,10.760.916,2229.85,9,5,3,1
"JAWA BARAT, KABUPATEN BANDUNG, BALEENDAH, MALAKASARI",-7.023.497,107.605.945,2220.88,1,5,3,0
"JAWA BARAT, KABUPATEN BANDUNG, SOLOKANJERUK, RANCAKASUMBA",-7.024.951,107.727.378,2102.18,6,6,3,1
"JAWA BARAT, KABUPATEN BANDUNG, SOLOKANJERUK, SOLOKANJERUK",-7.011.957,107.734.909,2091.35,9,6,3,1
"JAWA BARAT, KABUPATEN BANDUNG, SOLOKANJERUK, PANYADAP",-7.030.836,107.758.671,2063.86,6,6,3,1
"JAWA BARAT, KABUPATEN BANDUNG, SOLOKANJERUK, BOJONGEMAS",-7.002.511,107.715.469,81.086,6,6,1,0
"JAWA BARAT, KABUPATEN BANDUNG, SOREANG, CINGCIN",-7.026.866,107.542.733,2251.98,9,8,3,1
"JAWA BARAT, KABUPATEN BANDUNG, SOREANG, PARUNGSERAB",-7.013.232,1.075.365,130.21,6,8,1,0
"JAWA BARAT, KABUPATEN BANDUNG, KUTAWARINGIN, PAMEUNTASAN",-6.983.923,107.549.447,2232.58,1,6,3,0
"JAWA BARAT, KABUPATEN BANDUNG, KATAPANG, SANGKANHURIP",-6.998.699,10.756.931,2225.62,6,6,3,1
"JAWA BARAT, KABUPATEN BANDUNG, KATAPANG, CILAMPENI",-6.989.053,107.556.009,2229.57,1,6,3,0
"JAWA BARAT, KABUPATEN BANDUNG, DAYEUHKOLOT, CANGKUANG WETAN",-6.975.512,107.604.508,2227.82,1,6,3,0
"JAWA BARAT, KABUPATEN BANDUNG, DAYEUHKOLOT, CANGKUANG KULON",-6.975.195,107.593.754,2222.56,1,6,3,0
"JAWA BARAT, KABUPATEN BANDUNG, BANJARAN, TARAJUSARI",-7.039.982,107.583.617,2210.88,6,6,3,1
"JAWA BARAT, KABUPATEN BANDUNG, PAMEUNGPEUK, BOJONGKUNCI",-7.019.432,107.573.404,2223.67,6,6,3,1
"JAWA BARAT, KABUPATEN BANDUNG, PAMEUNGPEUK, RANCAMULYA",-7.013.895,107.600.927,2225.95,6,6,3,1
"JAWA BARAT, KABUPATEN BANDUNG, PAMEUNGPEUK, LANGONSARI",-7.029.115,107.603.109,2215.93,6,5,3,1
"JAWA BARAT, KABUPATEN BANDUNG, RANCAEKEK, NANJUNG MEKAR",-6.964.717,107.541.564,2227.88,9,6,3,1
"JAWA BARAT, KABUPATEN BANDUNG, BALEENDAH, BOJONGMALAKA",-7.008.954,107.615.446,2232.88,1,5,3,0
"JAWA BARAT, KABUPATEN BANDUNG, BALEENDAH, RANCAMANYAR",-7.012.597,10.760.916,2229.85,9,5,3,1
"JAWA BARAT, KABUPATEN BANDUNG, BALEENDAH, MALAKASARI",-7.023.497,107.605.945,2220.88,1,5,3,0
"JAWA BARAT, KABUPATEN BANDUNG, SOLOKANJERUK, RANCAKASUMBA",-7.024.951,107.727.378,2102.18,6,6,3,1
"JAWA BARAT, KABUPATEN BANDUNG, SOLOKANJERUK, SOLOKANJERUK",-7.011.957,107.734.909,2091.35,9,6,3,1
"JAWA BARAT, KABUPATEN BANDUNG, SOLOKANJERUK, PANYADAP",-7.030.836,107.758.671,2063.86,6,6,3,1
"JAWA BARAT, KABUPATEN BANDUNG, SOLOKANJERUK, BOJONGEMAS",-7.002.511,107.715.469,81.086,6,6,1,0
"JAWA BARAT, KABUPATEN BANDUNG, SOREANG, CINGCIN",-7.026.866,107.542.733,2251.98,9,8,3,1
"JAWA BARAT, KABUPATEN BANDUNG, SOREANG, PARUNGSERAB",-7.013.232,1.075.365,130.21,6,8,1,0
"JAWA BARAT, KABUPATEN BANDUNG, KUTAWARINGIN, PAMEUNTASAN",-6.983.923,107.549.447,2232.58,1,6,3,0
"JAWA BARAT, KABUPATEN BANDUNG, KATAPANG, SANGKANHURIP",-6.998.699,10.756.931,2225.62,6,6,3,1
"JAWA BARAT, KABUPATEN BANDUNG, KATAPANG, CILAMPENI",-6.989.053,107.556.009,2229.57,1,6,3,0
"JAWA BARAT, KABUPATEN BANDUNG, DAYEUHKOLOT, CANGKUANG WETAN",-6.975.512,107.604.508,2227.82,1,6,3,0
"JAWA BARAT, KABUPATEN BANDUNG, DAYEUHKOLOT, CANGKUANG KULON",-6.975.195,107.593.754,2222.56,1,6,3,0
"JAWA BARAT, KABUPATEN BANDUNG, BANJARAN, TARAJUSARI",-7.039.982,107.583.617,2210.88,6,6,3,1
"JAWA BARAT, KABUPATEN BANDUNG, PAMEUNGPEUK, BOJONGKUNCI",-7.019.432,107.573.404,2223.67,6,6,3,1
"JAWA BARAT, KABUPATEN BANDUNG, PAMEUNGPEUK, RANCAMULYA",-7.013.895,107.600.927,2225.95,6,6,3,1
"JAWA BARAT, KABUPATEN BANDUNG, PAMEUNGPEUK, LANGONSARI",-7.029.115,107.603.109,2215.93,6,5,3,1
"JAWA BARAT, KABUPATEN BANDUNG, RANCAEKEK, NANJUNG MEKAR",-6.964.717,107.541.564,2227.88,9,6,3,1
"JAWA BARAT, KABUPATEN BANDUNG, BALEENDAH, BOJONGMALAKA",-7.008.954,107.615.446,2232.88,1,5,3,0
"JAWA BARAT, KABUPATEN BANDUNG, BALEENDAH, RANCAMANYAR",-7.012.597,10.760.916,2229.85,9,5,3,1
"JAWA BARAT, KABUPATEN BANDUNG, BALEENDAH, MALAKASARI",-7.023.497,107.605.945,2220.88,1,5,3,0
"JAWA BARAT, KABUPATEN BANDUNG, SOLOKANJERUK, RANCAKASUMBA",-7.024.951,107.727.378,2102.18,6,6,3,1
"JAWA BARAT, KABUPATEN BANDUNG, SOLOKANJERUK, SOLOKANJERUK",-7.011.957,107.734.909,2091.35,9,6,3,1
"JAWA BARAT, KABUPATEN BANDUNG, SOLOKANJERUK, PANYADAP",-7.030.836,107.758.671,2063.86,6,6,3,1
"JAWA BARAT, KABUPATEN BANDUNG, SOLOKANJERUK, BOJONGEMAS",-7.002.511,107.715.469,81.086,6,6,1,0
"JAWA BARAT, KABUPATEN BANDUNG, SOREANG, CINGCIN",-7.026.866,107.542.733,2251.98,9,8,3,1
"JAWA BARAT, KABUPATEN BANDUNG, SOREANG, PARUNGSERAB",-7.013.232,1.075.365,130.21,6,8,1,0
"JAWA BARAT, KABUPATEN BANDUNG, KUTAWARINGIN, PAMEUNTASAN",-6.983.923,107.549.447,2232.58,1,6,3,0
"JAWA BARAT, KABUPATEN BANDUNG, CILEUNYI, CILEUNYI KULON",-6.949.377,107.738.033,2088.21,6,6,3,1
"JAWA BARAT, KABUPATEN BANDUNG, CILEUNYI, CILEUNYI WETAN",-6.934.567,107.750.193,2071.97,5,4,3,1
"JAWA BARAT, KABUPATEN BANDUNG, CILEUNYI, CIMEKAR",-6.940.494,107.735.261,2097.31,6,6,3,1
"JAWA BARAT, KABUPATEN BANDUNG, CILEUNYI, CINUNUK",-6.940.177,107.729.558,2104.21,9,6,3,1
"JAWA BARAT, KABUPATEN BANDUNG, CILEUNYI, CIBIRU HILIR",-6.959.794,107.717.461,2121.28,1,6,3,0
"JAWA BARAT, KABUPATEN BANDUNG, CILEUNYI, CIBIRU WETAN",-6.936.866,107.754.663,2063.62,1,4,3,0
"JAWA BARAT, KABUPATEN BANDUNG, CIMENYAN, CIMENYAN",-687.995,107.659.174,2134.86,5,5,3,1
"JAWA BARAT, KABUPATEN BANDUNG, CIMENYAN, MANDALAMEKAR",-6.873.687,107.674.563,86.899,5,5,1,0
"JAWA BARAT, KABUPATEN BANDUNG, CIMENYAN, CIKADUT",-6.876.812,107.685.187,2137.34,5,5,3,1
"JAWA BARAT, KABUPATEN BANDUNG, CIMENYAN, CIBURIAL",-6.859.063,107.642.187,2134.45,5,5,3,1
"JAWA BARAT, KABUPATEN BANDUNG, CIMENYAN, SINDANGLAYA",-6.885.938,107.689.188,2137.63,5,5,3,1
"JAWA BARAT, KABUPATEN BANDUNG, CIMENYAN, MEKARSALUYU",-6.861.438,107.655.062,85.865,9,5,1,0
"JAWA BARAT, KABUPATEN BANDUNG, CIMENYAN, MEKARMANIK",-6.858.688,107.700.312,2134.58,1,3,3,0
"JAWA BARAT, KABUPATEN BANDUNG, CILENGKRANG, JATIENDAH",-6.901.563,107.697.688,2136.88,9,5,3,1
"JAWA BARAT, KABUPATEN BANDUNG, CILENGKRANG, CILENGKRANG",-6.895.509,107.737.729,75.332,5,5,1,0
"JAWA BARAT, KABUPATEN BANDUNG, CILENGKRANG, CIPANJALU",-6.866.374,107.724.931,81.632,1,3,1,0
"JAWA BARAT, KABUPATEN BANDUNG, CILENGKRANG, MELATIWANGI",-6.883.688,107.708.062,84.463,9,5,1,0
"JAWA BARAT, KABUPATEN BANDUNG, CILENGKRANG, CIPOREAT",-6.888.145,107.729.171,2117.41,5,5,3,1
"JAWA BARAT, KABUPATEN BANDUNG, CILENGKRANG, GIRIMEKAR",-6.895.014,107.692.086,2138.16,6,5,3,1
"JAWA BARAT, KABUPATEN BANDUNG, BOJONGSOANG, LENGKONG",-69.764,107.635.177,2230.77,9,6,3,1
"JAWA BARAT, KABUPATEN BANDUNG, BOJONGSOANG, BOJONGSOANG",-6.985.197,107.631.823,123.574,9,6,1,0
"JAWA BARAT, KABUPATEN BANDUNG, BOJONGSOANG, BUAHBATU",-6.967.187,107.637.607,2221.87,6,6,3,1
"JAWA BARAT, KABUPATEN BANDUNG, BOJONGSOANG, CIPAGALO",-6.970.813,107.652.812,2212.66,9,6,3,1
"JAWA BARAT, KABUPATEN BANDUNG, BOJONGSOANG, BOJONGSARI",-6.997.868,107.655.295,2219.51,3,6,3,0
"JAWA BARAT, KABUPATEN BANDUNG, BOJONGSOANG, TEGALLUAR",-6.983.973,107.690.241,2167.85,9,6,3,1
"JAWA BARAT, KABUPATEN BANDUNG, MARGAHAYU, MARGAHAYU TENGAH",-6.963.003,107.577.496,2213.46,9,6,3,1
"JAWA BARAT, KABUPATEN BANDUNG, MARGAHAYU, SUKAMENAK",-6.966.867,107.578.086,2215.64,9,6,3,1
"JAWA BARAT, KABUPATEN BANDUNG, MARGAHAYU, SAYATI",-6.974.538,10.757.866,2218.53,6,6,3,1
"JAWA BARAT, KABUPATEN BANDUNG, MARGAASIH, MARGAASIH",-6.943.611,107.554.618,2208.38,6,6,3,1
"JAWA BARAT, KABUPATEN BANDUNG, MARGAASIH, LAGADAR",-6.932.163,107.540.854,2210.83,9,6,3,1
"JAWA BARAT, KABUPATEN BANDUNG, MARGAASIH, NANJUNG",-6.954.842,10.754.495,2221.15,6,6,3,1
"JAWA BARAT, KABUPATEN BANDUNG, MARGAASIH, RAHAYU",-6.963.088,10.756.532,2215.76,9,6,3,1
"JAWA BARAT, KABUPATEN BANDUNG, MARGAASIH, CIGONDEWAH HILIR",-6.958.067,107.558.631,114.9,6,6,1,0
"JAWA BARAT, KABUPATEN BANDUNG, KATAPANG, KATAPANG",-7.008.994,107.547.562,2243.97,6,8,3,1
"JAWA BARAT, KABUPATEN BANDUNG, KATAPANG, GANDASARI",-7.019.955,107.549.179,125.705,9,8,1,0
"JAWA BARAT, KABUPATEN BANDUNG, DAYEUHKOLOT, DAYEUHKOLOT",-6.983.619,107.619.238,123.179,9,6,1,0
"JAWA BARAT, KABUPATEN BANDUNG, DAYEUHKOLOT, CITEUREUP",-6.977.669,107.627.161,2234.66,6,6,3,1
"JAWA BARAT, KABUPATEN BANDUNG, PAMEUNGPEUK, BOJONGMANGGU",-7.040.696,107.617.848,2205.97,5,5,3,1
"JAWA BARAT, KABUPATEN BANDUNG, RANCAEKEK, RANCAEKEK WETAN",-6.972.738,107.749.403,2063.13,6,6,3,1
"JAWA BARAT, KABUPATEN BANDUNG, RANCAEKEK, RANCAEKEK KULON",-6.975.362,107.736.463,2087.57,6,6,3,1
"JAWA BARAT, KABUPATEN BANDUNG, RANCAEKEK, BOJONGLOA",-6.979.738,107.754.982,2049.91,6,6,3,1
"JAWA BARAT, KABUPATEN BANDUNG, RANCAEKEK, SUKAMANAH",-6.992.168,107.727.294,2105.69,6,6,3,1
"JAWA BARAT, KABUPATEN BANDUNG, CIPARAY, CIPARAY",-7.035.711,107.713.243,2116.88,1,6,3,0
"JAWA BARAT, KABUPATEN BANDUNG, CIPARAY, GUNUNGLEUTIK",-7.039.121,107.697.727,2134.58,6,5,3,1
"JAWA BARAT, KABUPATEN BANDUNG, CIPARAY, MEKARSARI",-7.034.466,107.722.777,2104.97,1,6,3,0
"JAWA BARAT, KABUPATEN BANDUNG, CIPARAY, CIHEULANG",-7.034.345,107.684.737,93.929,1,5,1,0
"JAWA BARAT, KABUPATEN BANDUNG, CIPARAY, SUMBERSARI",-7.008.205,107.697.573,2150.89,6,6,3,1
"JAWA BARAT, KABUPATEN BANDUNG, CIPARAY, SARIMAHI",-7.022.585,107.699.779,2141.37,6,6,3,1
"JAWA BARAT, KABUPATEN BANDUNG, CIPARAY, SERANGMEKAR",-7.024.028,107.693.155,2149.57,6,6,3,1
"JAWA BARAT, KABUPATEN BANDUNG, SOREANG, SOREANG",-7.014.649,107.530.623,2262.39,9,8,3,1
"JAWA BARAT, KABUPATEN BANDUNG, CILEUNYI, CILEUNYI KULON",-6.949.377,107.738.033,2088.21,6,6,3,1
"JAWA BARAT, KABUPATEN BANDUNG, CILEUNYI, CILEUNYI WETAN",-6.934.567,107.750.193,2071.97,5,4,3,1
"JAWA BARAT, KABUPATEN BANDUNG, CILEUNYI, CIMEKAR",-6.940.494,107.735.261,2097.31,6,6,3,1
"JAWA BARAT, KABUPATEN BANDUNG, CILEUNYI, CINUNUK",-6.940.177,107.729.558,2104.21,9,6,3,1
"JAWA BARAT, KABUPATEN BANDUNG, CILEUNYI, CIBIRU HILIR",-6.959.794,107.717.461,2121.28,1,6,3,0
"JAWA BARAT, KABUPATEN BANDUNG, CILEUNYI, CIBIRU WETAN",-6.934.488,107.754.985,2064.78,9,4,3,1
"JAWA BARAT, KABUPATEN BANDUNG, CIMENYAN, CIMENYAN",-687.995,107.659.174,2134.86,5,5,3,1
"JAWA BARAT, KABUPATEN BANDUNG, CIMENYAN, MANDALAMEKAR",-6.873.687,107.674.563,86.899,5,5,1,0
"JAWA BARAT, KABUPATEN BANDUNG, CIMENYAN, CIKADUT",-6.876.812,107.685.187,2137.34,5,5,3,1
"JAWA BARAT, KABUPATEN BANDUNG, CIMENYAN, CIBURIAL",-6.859.063,107.642.187,2134.45,5,5,3,1
"JAWA BARAT, KABUPATEN BANDUNG, CIMENYAN, SINDANGLAYA",-6.885.938,107.689.188,2137.63,5,5,3,1
"JAWA BARAT, KABUPATEN BANDUNG, CIMENYAN, MEKARSALUYU",-6.861.438,107.655.062,85.865,9,5,1,0
"JAWA BARAT, KABUPATEN BANDUNG, CIMENYAN, MEKARMANIK",-6.858.688,107.700.312,2134.58,1,3,3,0
"JAWA BARAT, KABUPATEN BANDUNG, CILENGKRANG, JATIENDAH",-6.901.563,107.697.688,2136.88,9,5,3,1
"JAWA BARAT, KABUPATEN BANDUNG, CILENGKRANG, CILENGKRANG",-6.895.509,107.737.729,75.332,5,5,1,0
"JAWA BARAT, KABUPATEN BANDUNG, CILENGKRANG, CIPANJALU",-6.866.374,107.724.931,81.632,1,3,1,0
"JAWA BARAT, KABUPATEN BANDUNG, CILENGKRANG, MELATIWANGI",-6.883.688,107.708.062,84.463,9,5,1,0
"JAWA BARAT, KABUPATEN BANDUNG, CILENGKRANG, CIPOREAT",-6.888.145,107.729.171,2117.41,5,5,3,1
"JAWA BARAT, KABUPATEN BANDUNG, CILENGKRANG, GIRIMEKAR",-6.895.014,107.692.086,2138.16,6,5,3,1
"JAWA BARAT, KABUPATEN BANDUNG, BOJONGSOANG, LENGKONG",-69.764,107.635.177,2230.77,9,6,3,1
"JAWA BARAT, KABUPATEN BANDUNG, BOJONGSOANG, BOJONGSOANG",-6.985.208,107.632.211,123.574,9,6,1,0
"JAWA BARAT, KABUPATEN BANDUNG, BOJONGSOANG, BUAHBATU",-6.966.242,107.637.977,-9.999,6,6,1,0
"JAWA BARAT, KABUPATEN BANDUNG, BOJONGSOANG, CIPAGALO",-6.970.813,107.652.812,2212.66,9,6,3,1
"JAWA BARAT, KABUPATEN BANDUNG, BOJONGSOANG, BOJONGSARI",-6.997.868,107.655.295,2219.51,3,6,3,0
"JAWA BARAT, KABUPATEN BANDUNG, BOJONGSOANG, TEGALLUAR",-6.983.973,107.690.241,2167.85,9,6,3,1
"JAWA BARAT, KABUPATEN BANDUNG, MARGAHAYU, MARGAHAYU TENGAH",-6.963.003,107.577.496,2213.46,9,6,3,1
"JAWA BARAT, KABUPATEN BANDUNG, MARGAHAYU, SUKAMENAK",-6.966.867,107.578.086,2215.64,9,6,3,1
"JAWA BARAT, KABUPATEN BANDUNG, MARGAHAYU, SAYATI",-6.974.538,10.757.866,2218.53,6,6,3,1
"JAWA BARAT, KABUPATEN BANDUNG, MARGAASIH, MARGAASIH",-6.943.611,107.554.618,2208.38,6,6,3,1
"JAWA BARAT, KABUPATEN BANDUNG, MARGAASIH, LAGADAR",-6.932.163,107.540.854,2210.83,9,6,3,1
"JAWA BARAT, KABUPATEN BANDUNG, MARGAASIH, NANJUNG",-6.954.842,10.754.495,2221.15,6,6,3,1
"JAWA BARAT, KABUPATEN BANDUNG, MARGAASIH, RAHAYU",-6.963.088,10.756.532,2215.76,9,6,3,1
"JAWA BARAT, KABUPATEN BANDUNG, MARGAASIH, CIGONDEWAH HILIR",-6.958.067,107.558.631,114.9,6,6,1,0
"JAWA BARAT, KABUPATEN BANDUNG, KATAPANG, KATAPANG",-7.008.994,107.547.562,2243.97,6,8,3,1
"JAWA BARAT, KABUPATEN BANDUNG, KATAPANG, GANDASARI",-7.019.955,107.549.179,125.705,9,8,1,0
"JAWA BARAT, KABUPATEN BANDUNG, DAYEUHKOLOT, DAYEUHKOLOT",-6.983.619,107.619.238,123.179,9,6,1,0
"JAWA BARAT, KABUPATEN BANDUNG, DAYEUHKOLOT, CITEUREUP",-6.977.669,107.627.161,2234.66,6,6,3,1
"JAWA BARAT, KABUPATEN BANDUNG, PAMEUNGPEUK, BOJONGMANGGU",-7.040.696,107.617.848,2205.97,5,5,3,1
"JAWA BARAT, KABUPATEN BANDUNG, RANCAEKEK, RANCAEKEK WETAN",-6.972.738,107.749.403,2063.13,6,6,3,1
"JAWA BARAT, KABUPATEN BANDUNG, RANCAEKEK, RANCAEKEK KULON",-6.975.362,107.736.463,2087.57,6,6,3,1
"JAWA BARAT, KABUPATEN BANDUNG, RANCAEKEK, BOJONGLOA",-6.979.738,107.754.982,2049.91,6,6,3,1
"JAWA BARAT, KABUPATEN BANDUNG, RANCAEKEK, SUKAMANAH",-6.992.168,107.727.294,2105.69,6,6,3,1
"JAWA BARAT, KABUPATEN BANDUNG, CIPARAY, CIPARAY",-7.035.711,107.713.243,2116.88,1,6,3,0
"JAWA BARAT, KABUPATEN BANDUNG, CIPARAY, GUNUNGLEUTIK",-7.039.121,107.697.727,2134.58,6,5,3,1
"JAWA BARAT, KABUPATEN BANDUNG, CIPARAY, MEKARSARI",-7.034.466,107.722.777,2104.97,1,6,3,0
"JAWA BARAT, KABUPATEN BANDUNG, CIPARAY, CIHEULANG",-7.034.345,107.684.737,93.929,1,5,1,0
"JAWA BARAT, KABUPATEN BANDUNG, CIPARAY, SUMBERSARI",-7.008.205,107.697.573,2150.89,6,6,3,1
"JAWA BARAT, KABUPATEN BANDUNG, CIPARAY, SARIMAHI",-7.022.585,107.699.779,2141.37,6,6,3,1
"JAWA BARAT, KABUPATEN BANDUNG, CIPARAY, SERANGMEKAR",-7.024.028,107.693.155,2149.57,6,6,3,1
"JAWA BARAT, KABUPATEN BANDUNG, SOREANG, SOREANG",-7.014.649,107.530.623,2262.39,9,8,3,1
"JAWA BARAT, KABUPATEN BANDUNG, CILEUNYI, CILEUNYI KULON",-6.949.377,107.738.033,2088.21,6,6,3,1
"JAWA BARAT, KABUPATEN BANDUNG, CILEUNYI, CILEUNYI WETAN",-6.934.567,107.750.193,2071.97,5,4,3,1
"JAWA BARAT, KABUPATEN BANDUNG, CILEUNYI, CIMEKAR",-6.940.494,107.735.261,2097.31,6,6,3,1
"JAWA BARAT, KABUPATEN BANDUNG, CILEUNYI, CINUNUK",-6.940.177,107.729.558,2104.21,9,6,3,1
"JAWA BARAT, KABUPATEN BANDUNG, CILEUNYI, CIBIRU HILIR",-6.959.794,107.717.461,2121.28,1,6,3,0
"JAWA BARAT, KABUPATEN BANDUNG, CILEUNYI, CIBIRU WETAN",-6.923.064,107.756.897,61.576,1,5,1,0
"JAWA BARAT, KABUPATEN BANDUNG, CIMENYAN, CIMENYAN",-687.995,107.659.174,2134.86,5,5,3,1
"JAWA BARAT, KABUPATEN BANDUNG, CIMENYAN, MANDALAMEKAR",-6.873.687,107.674.563,86.899,5,5,1,0
"JAWA BARAT, KABUPATEN BANDUNG, CIMENYAN, CIKADUT",-6.876.812,107.685.187,2137.34,5,5,3,1
"JAWA BARAT, KABUPATEN BANDUNG, CIMENYAN, CIBURIAL",-6.859.063,107.642.187,2134.45,5,5,3,1
"JAWA BARAT, KABUPATEN BANDUNG, CIMENYAN, SINDANGLAYA",-6.885.938,107.689.188,2137.63,5,5,3,1
"JAWA BARAT, KABUPATEN BANDUNG, CIMENYAN, MEKARSALUYU",-6.861.438,107.655.062,85.865,9,5,1,0
"JAWA BARAT, KABUPATEN BANDUNG, CIMENYAN, MEKARMANIK",-6.858.688,107.700.312,2134.58,1,3,3,0
"JAWA BARAT, KABUPATEN BANDUNG, CILENGKRANG, JATIENDAH",-6.901.563,107.697.688,2136.88,9,5,3,1
"JAWA BARAT, KABUPATEN BANDUNG, CILENGKRANG, CILENGKRANG",-6.895.509,107.737.729,75.332,5,5,1,0
"JAWA BARAT, KABUPATEN BANDUNG, CILENGKRANG, CIPANJALU",-6.866.374,107.724.931,81.632,1,3,1,0
"JAWA BARAT, KABUPATEN BANDUNG, CILENGKRANG, MELATIWANGI",-6.883.688,107.708.062,84.463,9,5,1,0
"JAWA BARAT, KABUPATEN BANDUNG, CILENGKRANG, CIPOREAT",-6.888.145,107.729.171,2117.41,5,5,3,1
"JAWA BARAT, KABUPATEN BANDUNG, CILENGKRANG, GIRIMEKAR",-6.895.014,107.692.086,2138.16,6,5,3,1
"JAWA BARAT, KABUPATEN BANDUNG, BOJONGSOANG, LENGKONG",-69.764,107.635.177,2230.77,9,6,3,1
"JAWA BARAT, KABUPATEN BANDUNG, BOJONGSOANG, BOJONGSOANG",-6.985.208,107.632.211,123.574,9,6,1,0
"JAWA BARAT, KABUPATEN BANDUNG, BOJONGSOANG, BUAHBATU",-6.967.187,107.637.607,2221.87,6,6,3,1
"JAWA BARAT, KABUPATEN BANDUNG, BOJONGSOANG, CIPAGALO",-6.970.813,107.652.812,2212.66,9,6,3,1
"JAWA BARAT, KABUPATEN BANDUNG, BOJONGSOANG, BOJONGSARI",-6.997.868,107.655.295,2219.51,3,6,3,0
"JAWA BARAT, KABUPATEN BANDUNG, BOJONGSOANG, TEGALLUAR",-6.983.973,107.690.241,2167.85,9,6,3,1
"JAWA BARAT, KABUPATEN BANDUNG, MARGAHAYU, MARGAHAYU TENGAH",-6.963.003,107.577.496,2213.46,9,6,3,1
"JAWA BARAT, KABUPATEN BANDUNG, MARGAHAYU, SUKAMENAK",-6.966.867,107.578.086,2215.64,9,6,3,1
"JAWA BARAT, KABUPATEN BANDUNG, MARGAHAYU, SAYATI",-6.974.538,10.757.866,2218.53,6,6,3,1
"JAWA BARAT, KABUPATEN BANDUNG, MARGAASIH, MARGAASIH",-6.943.611,107.554.618,2208.38,6,6,3,1
"JAWA BARAT, KABUPATEN BANDUNG, MARGAASIH, LAGADAR",-6.932.163,107.540.854,2210.83,9,6,3,1
"JAWA BARAT, KABUPATEN BANDUNG, MARGAASIH, NANJUNG",-6.954.842,10.754.495,2221.15,6,6,3,1
"JAWA BARAT, KABUPATEN BANDUNG, MARGAASIH, RAHAYU",-6.963.088,10.756.532,2215.76,9,6,3,1
"JAWA BARAT, KABUPATEN BANDUNG, MARGAASIH, CIGONDEWAH HILIR",-6.958.067,107.558.631,114.9,6,6,1,0
"JAWA BARAT, KABUPATEN BANDUNG, KATAPANG, KATAPANG",-7.008.994,107.547.562,2243.97,6,8,3,1
"JAWA BARAT, KABUPATEN BANDUNG, KATAPANG, GANDASARI",-7.019.955,107.549.179,125.705,9,8,1,0
"JAWA BARAT, KABUPATEN BANDUNG, DAYEUHKOLOT, DAYEUHKOLOT",-6.983.619,107.619.238,123.179,9,6,1,0
"JAWA BARAT, KABUPATEN BANDUNG, DAYEUHKOLOT, CITEUREUP",-6.977.669,107.627.161,2234.66,6,6,3,1
"JAWA BARAT, KABUPATEN BANDUNG, PAMEUNGPEUK, BOJONGMANGGU",-7.040.696,107.617.848,2205.97,5,5,3,1
"JAWA BARAT, KABUPATEN BANDUNG, RANCAEKEK, RANCAEKEK WETAN",-6.972.738,107.749.403,2063.13,6,6,3,1
"JAWA BARAT, KABUPATEN BANDUNG, RANCAEKEK, RANCAEKEK KULON",-6.975.362,107.736.463,2087.57,6,6,3,1
"JAWA BARAT, KABUPATEN BANDUNG, RANCAEKEK, BOJONGLOA",-6.979.738,107.754.982,2049.91,6,6,3,1
"JAWA BARAT, KABUPATEN BANDUNG, RANCAEKEK, SUKAMANAH",-6.992.168,107.727.294,2105.69,6,6,3,1
"JAWA BARAT, KABUPATEN BANDUNG, CIPARAY, CIPARAY",-7.037.541,107.712.519,2115.93,5,6,3,1
"JAWA BARAT, KABUPATEN BANDUNG, CIPARAY, GUNUNGLEUTIK",-7.039.121,107.697.727,2134.58,6,5,3,1
"JAWA BARAT, KABUPATEN BANDUNG, CIPARAY, MEKARSARI",-7.034.466,107.722.777,2104.97,1,6,3,0
"JAWA BARAT, KABUPATEN BANDUNG, CIPARAY, CIHEULANG",-7.034.345,107.684.737,93.929,1,5,1,0
"JAWA BARAT, KABUPATEN BANDUNG, CIPARAY, SUMBERSARI",-7.008.205,107.697.573,2150.89,6,6,3,1
"JAWA BARAT, KABUPATEN BANDUNG, CIPARAY, SARIMAHI",-7.022.585,107.699.779,2141.37,6,6,3,1
"JAWA BARAT, KABUPATEN BANDUNG, CIPARAY, SERANGMEKAR",-7.024.028,107.693.155,2149.57,6,6,3,1
"JAWA BARAT, KABUPATEN BANDUNG, SOREANG, SOREANG",-7.014.649,107.530.623,2262.39,9,8,3,1
Kec. Baleendah Kel. Manggahang,-7.026.624,107.642.027,2213.86,4,5,3,0
Kec. Dayeuhkolot Ds. Dayeuhkolot Kec. Rancaekek Ds. Sangiang,-698.644,10.762.411,2238.77,9,6,3,1
Kec. Dayeuhkolot Ds. Citeureup Kec. Margaasih Ds. Cigondewah Hilir,-6.980.664,107.626.354,2237.21,6,6,3,1
Kec. Ciparay Ds. Ciparay Kec.Soreang Ds. Soreang,-7.029.445,107.710.208,2122.43,6,6,3,1
Kec. Dayeuhkolot Ds. Dayeuhkolot Ds. Citeureup Ds. Cangkuang Wetan Kec. Baleendah Kel. Baleendah Kec. Bojongsoang Ds. Bojongsoang Ds. Tegalluar,-698.644,10.762.411,2238.77,9,6,3,1
Kec. Dayeuhkolot Ds Dayeuhkolot Desa Cangkuang Kec. Bojongsoang Desa Bojongsoang,-698.644,10.762.411,2238.77,9,6,3,1
Kec. Baleendah Kel. Baleendah Ds. Andir Kec. Bojongsoang Ds. Tegalluar Ds. Bojongsoang Kec. Dayeuhkolot Ds. Citeureup Ds. Dayeuhkolot,-7.018.377,107.630.571,2226.85,5,5,3,1
Kec. Rancaekek Ds. Rancaekek Kulon,-696.488,107.755.958,53.783,1,6,1,0
Kec. Dayeuhkolot Ds. Dayeuhkolot Kel. Citeureup Kec. Baleendah Kel. Andir Ds. Bojong Malaka Kec. Bojongsoang Ds. Bojongsoang Ds. Cijagra Kel. Cibiru Wetan Kel. Cimekar Kec. Cileunyi,-698.644,10.762.411,2238.77,9,6,3,1
Kec. RancaEkek Ds. RancaEkek,-696.488,107.755.958,53.783,1,6,1,0
Kec. Rancaekek Ds. Rancaekek Kulon Ds. Rancaekek Wetan Kec. Cileunyi Ds. Cileunyi Wetan,-696.488,107.755.958,53.783,1,6,1,0
Kec. Pacet Ds. Pangauban Kp. Babakan Ds. Sukarame Kp. Kamburaya,-6.998.609,107.559.217,2230.55,9,6,3,1
Kec. Rancaekek Ds. Rancaekek Kulon Ds. Rancaekek Wetan Ds. Bojongloa,-696.488,107.755.958,53.783,1,6,1,0
Kec. Cileunyi Ds. Cileunyi Wetan Kec. Bojongsoang Ds. Bojongsoang Ds. Tegalluar Kec. Baleendah Kel. Andir Kec. Dayeuhkolot Ds. Dayeuhkolot Ds. Citeureup,-6.942.748,10.775.341,2064.16,6,4,3,1
Kec. Solokan Jeruk Ds. Panyadap Kec. Dayeuhkolot Ds. Dayeuhkolot Kec. Baleendah Ds. Andir Kec. Rancaekek Ds. Rancaekek Kulon Kec. Majalaya Ds. Bojong Kec. Bojongsoang Ds. Bojongsoang,-7.030.836,107.758.671,2063.86,6,6,3,1
Kec. Bojongsoang Ds. Bojongsoang Kec. Dayeuhkolot Ds. Dayeuhkolot Kec. Baleendah Kel. Andir,-6.993.945,1.076.437,2232.58,3,6,3,0
"Kec. Baleendah, Ds. Manggahang ● Kec. Pameungpeuk, Ds. Bojongmanggu",-7.026.624,107.642.027,2213.86,4,5,3,0
Kac. Dayehkolot Ds. Dayeuhkolot Ds. Citeureup Kel. Pasawahan. Kec. Baleendah Kel. Andir Kel. Baleendah Kec. Bojongsoang Ds. Bojongsoang Ds. Bojongsari Ds. Tegaluar,-698.644,10.762.411,2238.77,9,6,3,1
Ds. Mekarsaluyu Tarumajaya,-6.873.328,107.652.027,85.163,5,5,1,0
Kec. Dayeuhkolot Ds. Dayeuhkolot Kec. Baleendah Kel. Andir Kel. Baleendah Kec.Bojongsoang Ds. Bojongsoang Ds.Bojongsari Ds. Tegaluar Kec. Margahayu Ds. Sayati,-698.644,10.762.411,2238.77,9,6,3,1
Kec. Rancaekek Ds. Rancaekek Kulon Kamp. Bojongmelati,-696.488,107.755.958,53.783,1,6,1,0
Kec. Rancaekek Ds. Bojongloa Ds. Rancaekek Wetan Ds. Rancaekek Kulon,-6.979.738,107.754.982,2049.91,6,6,3,1
Kec. Dayeuhkolot Ds. Dayeuhkolot; Citeureup; Kel. Pasawahan Kec. Baleendah Kel. Andir dan Baleendah Kec. Bojongsoang Ds. Bojongsoang,-6.972.873,107.614.077,2229.73,9,6,3,1
Kec. Margahayu Ds. Sayati Kec. Ciparay Ds. Gunungleutik Kec. Bojongsoang Ds. Bojongsoang Kec. Baleendah Kel. Andir Kec. Dayeuhkolot Ds. Dayeuhkolot Kec. Cicalengka Ds. Cicalengka Wetan,-6.974.538,10.757.866,2218.53,6,6,3,1
Kec. Margahayu Ds. Sayati Ds. Margahayu,-6.974.538,10.757.866,2218.53,6,6,3,1
Kec. Dayeuhkolot Ds. Dayeuhkolot Ds. Citeureup Kel. Pesawaran Kec. Baleendah Kel. Andir Kel. Baleendah Kec. Bojosoang Ds. Bojosoang Ds. Bojongsari Ds. Tegaluar,-698.644,10.762.411,2238.77,9,6,3,1
Kec. Dayeuhkolot Ds. Dayeuhkolot Ds. Citeureup Kel. Pasawahan Kec. Baleendah Kel. Andir Kel. Baleendah Kec. Banjaran Ds. Tarajusari Ds. Tanjungsari Kec. Bojongsoang Ds. Bojongsoang Ds. Bojongsari Ds. Tegaluar Kec. Solokanjeruk Ds. Panyadap Kec. Ciparay K,-698.644,10.762.411,2238.77,9,6,3,1
Kec. Dayeuhkolot Ds. Dayeuhkolot Kec. Bojosoang Ds. Bojongsari Ds. Bojosoang Kec. Katapang Kec. Cileunyi Kec. Baleendah,-698.644,10.762.411,2238.77,9,6,3,1
Kec. Dayeuhkolot Ds. Dayeuhkolot Ds. Citereup Kel. Pesawahan Kec. Bojongsoang Ds. Bojongsoang Kec. Baleendah Kel. Andir Kel. Baleendah Kec. Majalaya Kec. Ibun,-698.644,10.762.411,2238.77,9,6,3,1
Kec. Dayeuhkolot Ds. Dayeuhkolot Kel. Pesawahan Ds. Citeurep Kec. Baleendah Kel. Andir Kel. Baleendah Kel. Bojongsoang,-698.644,10.762.411,2238.77,9,6,3,1
Kec. Dayeuhkolot Ds. Dayeuhkolot Kec. Baleendah Kel. Andir Kec. Bojong Soang Kec. Cicalengka Kec. Cileunyi DS. Cimekar,-698.644,10.762.411,2238.77,9,6,3,1
Kec. Baleendah Ds. Baleendah Kp. Cigosol Kp. Muara Kp. Ciputat Kp. Uwak Kp. Cibadak Kp. Parunghalang Kp. Ciodeng Kp. Andir Kec. Dayeuhkolot Ds. Citeureup Kp. Bojongasih Kp. Babakan cilisung Kp. Cilisung Kp. Bolero Kp. kaum Kec. Bojongsoang Ds. Cijagra Kp,-7.018.377,107.630.571,2226.85,5,5,3,1
"JAWA BARAT, KABUPATEN BANDUNG, CICALENGKA, PANENJOAN",-6.986.854,107.817.989,1930.87,6,6,2,0
"JAWA BARAT, KABUPATEN BANDUNG, CICALENGKA, PANENJOAN",-6.986.854,107.817.989,1930.87,6,6,2,0
"JAWA BARAT, KABUPATEN BANDUNG, CICALENGKA, PANENJOAN",-6.986.854,107.817.989,1930.87,6,6,2,0
"JAWA BARAT, KABUPATEN BANDUNG, CICALENGKA, CICALENGKA KULON",-6.981.591,107.832.724,1925.33,6,5,2,0
"JAWA BARAT, KABUPATEN BANDUNG, CICALENGKA, CICALENGKA WETAN",-6.997.711,107.841.926,13.119,7,5,1,0
"JAWA BARAT, KABUPATEN BANDUNG, CICALENGKA, DAMPIT",-6.974.237,107.849.828,1934.66,5,5,2,0
"JAWA BARAT, KABUPATEN BANDUNG, CICALENGKA, MARGAASIH",-7.016.285,107.838.072,1956.46,5,5,2,0
"JAWA BARAT, KABUPATEN BANDUNG, CICALENGKA, NARAWITA",-7.026.569,107.844.001,1973.86,9,5,2,0
"JAWA BARAT, KABUPATEN BANDUNG, CICALENGKA, TANJUNGWANGI",-6.970.147,107.887.255,26.481,5,3,1,0
"JAWA BARAT, KABUPATEN BANDUNG, CICALENGKA, TENJOLAYA",-6.982.726,107.835.008,1925.93,9,5,2,0
"JAWA BARAT, KABUPATEN BANDUNG, CICALENGKA, NAGROG",-7.000.071,107.863.643,1953.56,1,5,2,0
"JAWA BARAT, KABUPATEN BANDUNG, NAGREG, NAGREG",-7.022.122,1.078.934,1996.39,9,5,2,0
"JAWA BARAT, KABUPATEN BANDUNG, NAGREG, BOJONG",-7.026.543,107.870.048,30.926,9,5,1,0
"JAWA BARAT, KABUPATEN BANDUNG, NAGREG, CIHERANG",-7.034.742,107.891.743,2004.84,5,5,3,1
"JAWA BARAT, KABUPATEN BANDUNG, NAGREG, CITAMAN",-7.009.957,107.875.985,26.39,7,5,1,0
"JAWA BARAT, KABUPATEN BANDUNG, NAGREG, MANDALAWANGI",-7.025.169,107.861.087,1979.74,7,5,2,0
"JAWA BARAT, KABUPATEN BANDUNG, NAGREG, NAGREG KENDAN",-7.022.122,1.078.934,1996.39,9,5,2,0
"JAWA BARAT, KABUPATEN BANDUNG, CIKANCUNG, MANDALASARI",-7.037.923,10.782.847,36.557,5,5,1,0
"JAWA BARAT, KABUPATEN BANDUNG, CIKANCUNG, CIKANCUNG",-7.038.502,107.825.012,2001.44,9,5,3,1
"JAWA BARAT, KABUPATEN BANDUNG, CIKANCUNG, CIKASUNGKA",-7.014.067,107.811.798,1966.51,6,6,2,0
"JAWA BARAT, KABUPATEN BANDUNG, CIKANCUNG, CIHANYIR",-7.034.434,10.781.092,2005.52,5,5,3,1
"JAWA BARAT, KABUPATEN BANDUNG, CIKANCUNG, CILULUK",-7.038.312,107.803.304,44.774,7,5,1,0
"JAWA BARAT, KABUPATEN BANDUNG, RANCAEKEK, BOJONGSALAM",-6.992.941,107.802.196,1954.75,6,6,2,0
"JAWA BARAT, KABUPATEN BANDUNG, RANCAEKEK, LINGGAR",-6.974.516,107.776.282,1999.65,6,6,2,0
"JAWA BARAT, KABUPATEN BANDUNG, RANCAEKEK, CANGKUANG",-6.972.372,10.779.047,1969.36,9,6,2,0
"JAWA BARAT, KABUPATEN BANDUNG, RANCAEKEK, HAURPUGUR",-6.994.326,107.777.028,2004.44,9,6,3,1
"JAWA BARAT, KABUPATEN BANDUNG, MAJALAYA, BOJONG",-7.039.568,107.767.543,2062.84,6,6,3,1
"JAWA BARAT, KABUPATEN BANDUNG, PASEH, CIJAGRA",-7.036.788,107.777.117,2049.26,6,6,3,1
"JAWA BARAT, KABUPATEN BANDUNG, PASEH, TANGSIMEKAR",-7.028.698,107.777.331,2039.69,6,6,3,1
"JAWA BARAT, KABUPATEN BANDUNG, CANGKUANG, CANGKUANG",-6.979.043,107.782.748,31.229,6,6,1,0
"JAWA BARAT, KABUPATEN BANDUNG, CICALENGKA, CICALENGKA KULON",-6.981.591,107.832.724,1925.33,6,5,2,0
"JAWA BARAT, KABUPATEN BANDUNG, CICALENGKA, CICALENGKA WETAN",-6.997.711,107.841.926,13.119,7,5,1,0
"JAWA BARAT, KABUPATEN BANDUNG, CICALENGKA, DAMPIT",-6.974.237,107.849.828,1934.66,5,5,2,0
"JAWA BARAT, KABUPATEN BANDUNG, CICALENGKA, MARGAASIH",-7.016.285,107.838.072,1956.46,5,5,2,0
"JAWA BARAT, KABUPATEN BANDUNG, CICALENGKA, NARAWITA",-7.026.569,107.844.001,1973.86,9,5,2,0
"JAWA BARAT, KABUPATEN BANDUNG, CICALENGKA, TANJUNGWANGI",-6.970.147,107.887.255,26.481,5,3,1,0
"JAWA BARAT, KABUPATEN BANDUNG, CICALENGKA, TENJOLAYA",-6.982.726,107.835.008,1925.93,9,5,2,0
"JAWA BARAT, KABUPATEN BANDUNG, CICALENGKA, NAGROG",-7.000.071,107.863.643,1953.56,1,5,2,0
"JAWA BARAT, KABUPATEN BANDUNG, NAGREG, NAGREG",-7.022.122,1.078.934,1996.39,9,5,2,0
"JAWA BARAT, KABUPATEN BANDUNG, NAGREG, BOJONG",-7.026.543,107.870.048,30.926,9,5,1,0
"JAWA BARAT, KABUPATEN BANDUNG, NAGREG, CIHERANG",-7.034.742,107.891.743,2004.84,5,5,3,1
"JAWA BARAT, KABUPATEN BANDUNG, NAGREG, CITAMAN",-7.009.957,107.875.985,26.39,7,5,1,0
"JAWA BARAT, KABUPATEN BANDUNG, NAGREG, MANDALAWANGI",-7.025.169,107.861.087,1979.74,7,5,2,0
"JAWA BARAT, KABUPATEN BANDUNG, NAGREG, NAGREG KENDAN",-7.022.122,1.078.934,1996.39,9,5,2,0
"JAWA BARAT, KABUPATEN BANDUNG, CIKANCUNG, MANDALASARI",-7.037.923,10.782.847,36.557,5,5,1,0
"JAWA BARAT, KABUPATEN BANDUNG, CIKANCUNG, CIKANCUNG",-7.038.502,107.825.012,2001.44,9,5,3,1
"JAWA BARAT, KABUPATEN BANDUNG, CIKANCUNG, CIKASUNGKA",-7.014.067,107.811.798,1966.51,6,6,2,0
"JAWA BARAT, KABUPATEN BANDUNG, CIKANCUNG, CIHANYIR",-7.034.434,10.781.092,2005.52,5,5,3,1
"JAWA BARAT, KABUPATEN BANDUNG, CIKANCUNG, CILULUK",-7.038.312,107.803.304,44.774,7,5,1,0
"JAWA BARAT, KABUPATEN BANDUNG, RANCAEKEK, BOJONGSALAM",-6.992.941,107.802.196,1954.75,6,6,2,0
"JAWA BARAT, KABUPATEN BANDUNG, RANCAEKEK, LINGGAR",-6.974.516,107.776.282,1999.65,6,6,2,0
"JAWA BARAT, KABUPATEN BANDUNG, RANCAEKEK, CANGKUANG",-6.972.372,10.779.047,1969.36,9,6,2,0
"JAWA BARAT, KABUPATEN BANDUNG, RANCAEKEK, HAURPUGUR",-6.994.326,107.777.028,2004.44,9,6,3,1
"JAWA BARAT, KABUPATEN BANDUNG, MAJALAYA, BOJONG",-7.039.568,107.767.543,2062.84,6,6,3,1
"JAWA BARAT, KABUPATEN BANDUNG, PASEH, CIJAGRA",-7.036.788,107.777.117,2049.26,6,6,3,1
"JAWA BARAT, KABUPATEN BANDUNG, PASEH, TANGSIMEKAR",-7.028.698,107.777.331,2039.69,6,6,3,1
"JAWA BARAT, KABUPATEN BANDUNG, CANGKUANG, CANGKUANG",-6.979.043,107.782.748,31.229,6,6,1,0
"JAWA BARAT, KABUPATEN BANDUNG, CICALENGKA, CICALENGKA KULON",-6.981.591,107.832.724,1925.33,6,5,2,0
"JAWA BARAT, KABUPATEN BANDUNG, CICALENGKA, CICALENGKA WETAN",-6.997.711,107.841.926,13.119,7,5,1,0
"JAWA BARAT, KABUPATEN BANDUNG, CICALENGKA, DAMPIT",-6.974.237,107.849.828,1934.66,5,5,2,0
"JAWA BARAT, KABUPATEN BANDUNG, CICALENGKA, MARGAASIH",-7.016.285,107.838.072,1956.46,5,5,2,0
"JAWA BARAT, KABUPATEN BANDUNG, CICALENGKA, NARAWITA",-7.026.569,107.844.001,1973.86,9,5,2,0
"JAWA BARAT, KABUPATEN BANDUNG, CICALENGKA, TANJUNGWANGI",-6.970.147,107.887.255,26.481,5,3,1,0
"JAWA BARAT, KABUPATEN BANDUNG, CICALENGKA, TENJOLAYA",-6.982.726,107.835.008,1925.93,9,5,2,0
"JAWA BARAT, KABUPATEN BANDUNG, CICALENGKA, NAGROG",-7.000.071,107.863.643,1953.56,1,5,2,0
"JAWA BARAT, KABUPATEN BANDUNG, NAGREG, NAGREG",-7.022.122,1.078.934,1996.39,9,5,2,0
"JAWA BARAT, KABUPATEN BANDUNG, NAGREG, BOJONG",-7.026.543,107.870.048,30.926,9,5,1,0
"JAWA BARAT, KABUPATEN BANDUNG, NAGREG, CIHERANG",-7.034.742,107.891.743,2004.84,5,5,3,1
"JAWA BARAT, KABUPATEN BANDUNG, NAGREG, CITAMAN",-7.009.957,107.875.985,26.39,7,5,1,0
"JAWA BARAT, KABUPATEN BANDUNG, NAGREG, MANDALAWANGI",-7.025.169,107.861.087,1979.74,7,5,2,0
"JAWA BARAT, KABUPATEN BANDUNG, NAGREG, NAGREG KENDAN",-7.022.122,1.078.934,1996.39,9,5,2,0
"JAWA BARAT, KABUPATEN BANDUNG, CIKANCUNG, MANDALASARI",-7.037.923,10.782.847,36.557,5,5,1,0
"JAWA BARAT, KABUPATEN BANDUNG, CIKANCUNG, CIKANCUNG",-7.038.502,107.825.012,2001.44,9,5,3,1
"JAWA BARAT, KABUPATEN BANDUNG, CIKANCUNG, CIKASUNGKA",-7.014.067,107.811.798,1966.51,6,6,2,0
"JAWA BARAT, KABUPATEN BANDUNG, CIKANCUNG, CIHANYIR",-7.034.434,10.781.092,2005.52,5,5,3,1
"JAWA BARAT, KABUPATEN BANDUNG, CIKANCUNG, CILULUK",-7.038.312,107.803.304,44.774,7,5,1,0
"JAWA BARAT, KABUPATEN BANDUNG, RANCAEKEK, BOJONGSALAM",-6.992.941,107.802.196,1954.75,6,6,2,0
"JAWA BARAT, KABUPATEN BANDUNG, RANCAEKEK, LINGGAR",-6.974.516,107.776.282,1999.65,6,6,2,0
"JAWA BARAT, KABUPATEN BANDUNG, RANCAEKEK, CANGKUANG",-6.972.372,10.779.047,1969.36,9,6,2,0
"JAWA BARAT, KABUPATEN BANDUNG, RANCAEKEK, HAURPUGUR",-6.994.326,107.777.028,2004.44,9,6,3,1
"JAWA BARAT, KABUPATEN BANDUNG, MAJALAYA, BOJONG",-7.039.568,107.767.543,2062.84,6,6,3,1
"JAWA BARAT, KABUPATEN BANDUNG, PASEH, CIJAGRA",-7.036.788,107.777.117,2049.26,6,6,3,1
"JAWA BARAT, KABUPATEN BANDUNG, PASEH, TANGSIMEKAR",-7.028.698,107.777.331,2039.69,6,6,3,1
"JAWA BARAT, KABUPATEN BANDUNG, CANGKUANG, CANGKUANG",-6.979.043,107.782.748,31.229,6,6,1,0
Kec. Nagreg Ds. Citaman Kec. Paseh Ds. Dramatic Kec. Solokan Jeruk Ds. Panyadap Kec. Rancaekek Ds. Haur Pugur,-7.009.957,107.875.985,26.39,7,5,1,0
"Kec. Cicalengka Ds. Cicalengka Wetan, Cikuya",-6.981.591,107.832.724,1925.33,6,5,2,0
Kec. Nagreg Ds. Ciherang,-7.034.742,107.891.743,2004.84,5,5,3,1
Kec. Majalaya Ds. Bojong Kec. Margahayu Kec. Solokan Jeruk,-7.026.543,107.870.048,30.926,9,5,1,0
Kec. Cicalengka Ds. Panenjoan,-6.986.854,107.817.989,1930.87,6,6,2,0
Kec. Cicalengka Ds. Panenjoan,-6.986.854,107.817.989,1930.87,6,6,2,0
